RightPupilValidity,RightPupilDiameter,LeftPupilValidity,LeftPupilDiameter,RightGazePointValidity,RightGazePointOnDisplayAreaX,RightGazePointOnDisplayAreaY,RightGazePointInUserCoordinateSystemX,RightGazePointInUserCoordinateSystemY,RightGazePointInUserCoordinateSystemZ,LeftGazePointValidity,LeftGazePointOnDisplayAreaX,LeftGazePointOnDisplayAreaY,LeftGazePointInUserCoordinateSystemX,LeftGazePointInUserCoordinateSystemY,LeftGazePointInUserCoordinateSystemZ,RightGazeOriginValidity,RightGazeOriginInUserCoordinateSystemX,RightGazeOriginInUserCoordinateSystemY,RightGazeOriginInUserCoordinateSystemZ,RightGazeOriginInTrackboxCoordinateSystemX,RightGazeOriginInTrackboxCoordinateSystemY,RightGazeOriginInTrackboxCoordinateSystemZ,LeftGazeOriginValidity,LeftGazeOriginInUserCoordinateSystemX,LeftGazeOriginInUserCoordinateSystemY,LeftGazeOriginInUserCoordinateSystemZ,LeftGazeOriginInTrackboxCoordinateSystemX,LeftGazeOriginInTrackboxCoordinateSystemY,LeftGazeOriginInTrackboxCoordinateSystemZ,SystemTimestamp,DeviceTimestamp
1,2.318695068359375,1,2.419464111328125,1,0.05927608907222748,0.85019850730896,-150.8629913330078,35.424800872802734,2.2518019676208496,1,0.05527496337890625,0.8506906032562256,-152.2427978515625,35.33510971069336,2.2191367149353027,1,6.749506950378418,-19.584842681884766,580.1734619140625,0.48546597361564636,0.5486686825752258,0.2977447509765625,1,-52.697723388671875,-22.408843994140625,581.2233276367188,0.625051736831665,0.5549396276473999,0.30517512559890747,601988132554,2844610700
1,2.318695068359375,1,2.419464111328125,1,0.05927608907222748,0.85019850730896,-150.8629913330078,35.424800872802734,2.2518019676208496,1,0.05527496337890625,0.8506906032562256,-152.2427978515625,35.33510971069336,2.2191367149353027,1,6.749506950378418,-19.584842681884766,580.1734619140625,0.48546597361564636,0.5486686825752258,0.2977447509765625,1,-52.697723388671875,-22.408843994140625,581.2233276367188,0.625051736831665,0.5549396276473999,0.30517512559890747,601988132554,2844610700
1,2.318695068359375,1,2.419464111328125,1,0.05927608907222748,0.85019850730896,-150.8629913330078,35.424800872802734,2.2518019676208496,1,0.05527496337890625,0.8506906032562256,-152.2427978515625,35.33510971069336,2.2191367149353027,1,6.749506950378418,-19.584842681884766,580.1734619140625,0.48546597361564636,0.5486686825752258,0.2977447509765625,1,-52.697723388671875,-22.408843994140625,581.2233276367188,0.625051736831665,0.5549396276473999,0.30517512559890747,601988132554,2844610700
1,2.318695068359375,1,2.419464111328125,1,0.05927608907222748,0.85019850730896,-150.8629913330078,35.424800872802734,2.2518019676208496,1,0.05527496337890625,0.8506906032562256,-152.2427978515625,35.33510971069336,2.2191367149353027,1,6.749506950378418,-19.584842681884766,580.1734619140625,0.48546597361564636,0.5486686825752258,0.2977447509765625,1,-52.697723388671875,-22.408843994140625,581.2233276367188,0.625051736831665,0.5549396276473999,0.30517512559890747,601988132554,2844610700
1,2.28564453125,1,2.451446533203125,1,0.059925634413957596,0.8347818851470947,-150.6389923095703,38.2349739074707,3.274624824523926,1,0.061425384134054184,0.8603137135505676,-150.12179565429688,33.58098220825195,1.580673098564148,1,6.746914863586426,-19.53818130493164,580.182861328125,0.48547232151031494,0.5485608577728271,0.2977635860443115,1,-52.696990966796875,-22.362407684326172,581.2325439453125,0.6250476241111755,0.5548326373100281,0.30519288778305054,601988140887,2844619033
1,2.28564453125,1,2.451446533203125,1,0.059925634413957596,0.8347818851470947,-150.6389923095703,38.2349739074707,3.274624824523926,1,0.061425384134054184,0.8603137135505676,-150.12179565429688,33.58098220825195,1.580673098564148,1,6.746914863586426,-19.53818130493164,580.182861328125,0.48547232151031494,0.5485608577728271,0.2977635860443115,1,-52.696990966796875,-22.362407684326172,581.2325439453125,0.6250476241111755,0.5548326373100281,0.30519288778305054,601988140887,2844619033
1,2.28564453125,1,2.451446533203125,1,0.059925634413957596,0.8347818851470947,-150.6389923095703,38.2349739074707,3.274624824523926,1,0.061425384134054184,0.8603137135505676,-150.12179565429688,33.58098220825195,1.580673098564148,1,6.746914863586426,-19.53818130493164,580.182861328125,0.48547232151031494,0.5485608577728271,0.2977635860443115,1,-52.696990966796875,-22.362407684326172,581.2325439453125,0.6250476241111755,0.5548326373100281,0.30519288778305054,601988140887,2844619033
1,2.28564453125,1,2.451446533203125,1,0.059925634413957596,0.8347818851470947,-150.6389923095703,38.2349739074707,3.274624824523926,1,0.061425384134054184,0.8603137135505676,-150.12179565429688,33.58098220825195,1.580673098564148,1,6.746914863586426,-19.53818130493164,580.182861328125,0.48547232151031494,0.5485608577728271,0.2977635860443115,1,-52.696990966796875,-22.362407684326172,581.2325439453125,0.6250476241111755,0.5548326373100281,0.30519288778305054,601988140887,2844619033
1,2.223541259765625,1,2.4517059326171875,1,0.05557672306895256,0.8034010529518127,-152.1387481689453,43.955142974853516,5.356613636016846,1,0.05150888115167618,0.8666062355041504,-153.5415496826172,32.4339714050293,1.1632188558578491,1,6.747540473937988,-19.555822372436523,580.1453857421875,0.4854697287082672,0.5486027598381042,0.29768264293670654,1,-52.69451904296875,-22.377471923828125,581.1856689453125,0.625053346157074,0.5548694133758545,0.30509164929389954,601988149220,2844627366
1,2.223541259765625,1,2.4517059326171875,1,0.05557672306895256,0.8034010529518127,-152.1387481689453,43.955142974853516,5.356613636016846,1,0.05150888115167618,0.8666062355041504,-153.5415496826172,32.4339714050293,1.1632188558578491,1,6.747540473937988,-19.555822372436523,580.1453857421875,0.4854697287082672,0.5486027598381042,0.29768264293670654,1,-52.69451904296875,-22.377471923828125,581.1856689453125,0.625053346157074,0.5548694133758545,0.30509164929389954,601988149220,2844627366
1,2.223541259765625,1,2.4517059326171875,1,0.05557672306895256,0.8034010529518127,-152.1387481689453,43.955142974853516,5.356613636016846,1,0.05150888115167618,0.8666062355041504,-153.5415496826172,32.4339714050293,1.1632188558578491,1,6.747540473937988,-19.555822372436523,580.1453857421875,0.4854697287082672,0.5486027598381042,0.29768264293670654,1,-52.69451904296875,-22.377471923828125,581.1856689453125,0.625053346157074,0.5548694133758545,0.30509164929389954,601988149220,2844627366
1,2.223541259765625,1,2.4517059326171875,1,0.05557672306895256,0.8034010529518127,-152.1387481689453,43.955142974853516,5.356613636016846,1,0.05150888115167618,0.8666062355041504,-153.5415496826172,32.4339714050293,1.1632188558578491,1,6.747540473937988,-19.555822372436523,580.1453857421875,0.4854697287082672,0.5486027598381042,0.29768264293670654,1,-52.69451904296875,-22.377471923828125,581.1856689453125,0.625053346157074,0.5548694133758545,0.30509164929389954,601988149220,2844627366
1,2.2843475341796875,1,2.4028472900390625,1,0.06513932347297668,0.8208636045455933,-148.84103393554688,40.772029876708984,4.19806432723999,1,0.04094448313117027,0.8291140198707581,-157.1847381591797,39.26812744140625,3.6506314277648926,1,6.751819133758545,-19.54937171936035,580.1268310546875,0.48545902967453003,0.5485885739326477,0.29764217138290405,1,-52.69229507446289,-22.36800765991211,581.2245483398438,0.6250385642051697,0.5548458695411682,0.305174857378006,601988157553,2844635699
1,2.2843475341796875,1,2.4028472900390625,1,0.06513932347297668,0.8208636045455933,-148.84103393554688,40.772029876708984,4.19806432723999,1,0.04094448313117027,0.8291140198707581,-157.1847381591797,39.26812744140625,3.6506314277648926,1,6.751819133758545,-19.54937171936035,580.1268310546875,0.48545902967453003,0.5485885739326477,0.29764217138290405,1,-52.69229507446289,-22.36800765991211,581.2245483398438,0.6250385642051697,0.5548458695411682,0.305174857378006,601988157553,2844635699
1,2.2843475341796875,1,2.4028472900390625,1,0.06513932347297668,0.8208636045455933,-148.84103393554688,40.772029876708984,4.19806432723999,1,0.04094448313117027,0.8291140198707581,-157.1847381591797,39.26812744140625,3.6506314277648926,1,6.751819133758545,-19.54937171936035,580.1268310546875,0.48545902967453003,0.5485885739326477,0.29764217138290405,1,-52.69229507446289,-22.36800765991211,581.2245483398438,0.6250385642051697,0.5548458695411682,0.305174857378006,601988157553,2844635699
1,2.2843475341796875,1,2.4028472900390625,1,0.06513932347297668,0.8208636045455933,-148.84103393554688,40.772029876708984,4.19806432723999,1,0.04094448313117027,0.8291140198707581,-157.1847381591797,39.26812744140625,3.6506314277648926,1,6.751819133758545,-19.54937171936035,580.1268310546875,0.48545902967453003,0.5485885739326477,0.29764217138290405,1,-52.69229507446289,-22.36800765991211,581.2245483398438,0.6250385642051697,0.5548458695411682,0.305174857378006,601988157553,2844635699
1,2.2584381103515625,1,2.461883544921875,1,0.07624079287052155,0.8248220086097717,-145.0126495361328,40.05046463012695,3.935439109802246,1,0.06226925924420357,0.8436116576194763,-149.83078002929688,36.62547302246094,2.6887967586517334,1,6.752758026123047,-19.527103424072266,580.1735229492188,0.48545825481414795,0.5485357046127319,0.297743022441864,1,-52.68633270263672,-22.341320037841797,581.177001953125,0.6250361204147339,0.5547868013381958,0.30506962537765503,601988165887,2844644033
1,2.2584381103515625,1,2.461883544921875,1,0.07624079287052155,0.8248220086097717,-145.0126495361328,40.05046463012695,3.935439109802246,1,0.06226925924420357,0.8436116576194763,-149.83078002929688,36.62547302246094,2.6887967586517334,1,6.752758026123047,-19.527103424072266,580.1735229492188,0.48545825481414795,0.5485357046127319,0.297743022441864,1,-52.68633270263672,-22.341320037841797,581.177001953125,0.6250361204147339,0.5547868013381958,0.30506962537765503,601988165887,2844644033
1,2.2584381103515625,1,2.461883544921875,1,0.07624079287052155,0.8248220086097717,-145.0126495361328,40.05046463012695,3.935439109802246,1,0.06226925924420357,0.8436116576194763,-149.83078002929688,36.62547302246094,2.6887967586517334,1,6.752758026123047,-19.527103424072266,580.1735229492188,0.48545825481414795,0.5485357046127319,0.297743022441864,1,-52.68633270263672,-22.341320037841797,581.177001953125,0.6250361204147339,0.5547868013381958,0.30506962537765503,601988165887,2844644033
1,2.2584381103515625,1,2.461883544921875,1,0.07624079287052155,0.8248220086097717,-145.0126495361328,40.05046463012695,3.935439109802246,1,0.06226925924420357,0.8436116576194763,-149.83078002929688,36.62547302246094,2.6887967586517334,1,6.752758026123047,-19.527103424072266,580.1735229492188,0.48545825481414795,0.5485357046127319,0.297743022441864,1,-52.68633270263672,-22.341320037841797,581.177001953125,0.6250361204147339,0.5547868013381958,0.30506962537765503,601988165887,2844644033
1,2.31451416015625,1,2.420684814453125,1,0.059468451887369156,0.8171488046646118,-150.79666137695312,41.44915771484375,4.444521427154541,1,0.05681678652763367,0.8527334928512573,-151.7111053466797,34.96272659301758,2.083592653274536,1,6.754768371582031,-19.54781723022461,580.0897216796875,0.48545098304748535,0.548586368560791,0.2975616455078125,1,-52.68785858154297,-22.3621883392334,581.186767578125,0.6250373721122742,0.554834246635437,0.305091917514801,601988174221,2844652366
1,2.31451416015625,1,2.420684814453125,1,0.059468451887369156,0.8171488046646118,-150.79666137695312,41.44915771484375,4.444521427154541,1,0.05681678652763367,0.8527334928512573,-151.7111053466797,34.96272659301758,2.083592653274536,1,6.754768371582031,-19.54781723022461,580.0897216796875,0.48545098304748535,0.548586368560791,0.2975616455078125,1,-52.68785858154297,-22.3621883392334,581.186767578125,0.6250373721122742,0.554834246635437,0.305091917514801,601988174221,2844652366
1,2.31451416015625,1,2.420684814453125,1,0.059468451887369156,0.8171488046646118,-150.79666137695312,41.44915771484375,4.444521427154541,1,0.05681678652763367,0.8527334928512573,-151.7111053466797,34.96272659301758,2.083592653274536,1,6.754768371582031,-19.54781723022461,580.0897216796875,0.48545098304748535,0.548586368560791,0.2975616455078125,1,-52.68785858154297,-22.3621883392334,581.186767578125,0.6250373721122742,0.554834246635437,0.305091917514801,601988174221,2844652366
1,2.31451416015625,1,2.420684814453125,1,0.059468451887369156,0.8171488046646118,-150.79666137695312,41.44915771484375,4.444521427154541,1,0.05681678652763367,0.8527334928512573,-151.7111053466797,34.96272659301758,2.083592653274536,1,6.754768371582031,-19.54781723022461,580.0897216796875,0.48545098304748535,0.548586368560791,0.2975616455078125,1,-52.68785858154297,-22.3621883392334,581.186767578125,0.6250373721122742,0.554834246635437,0.305091917514801,601988174221,2844652366
1,2.2554473876953125,1,2.39923095703125,1,0.07157588005065918,0.8261530995368958,-146.62135314941406,39.80784606933594,3.8470864295959473,1,0.04819190129637718,0.8223307728767395,-154.6854248046875,40.50459289550781,4.100676536560059,1,6.753239631652832,-19.52499771118164,580.145751953125,0.485456258058548,0.5485317707061768,0.297682523727417,1,-52.68180847167969,-22.33452033996582,581.139404296875,0.6250346302986145,0.5547729134559631,0.3049871027469635,601988182554,2844660699
1,2.2554473876953125,1,2.39923095703125,1,0.07157588005065918,0.8261530995368958,-146.62135314941406,39.80784606933594,3.8470864295959473,1,0.04819190129637718,0.8223307728767395,-154.6854248046875,40.50459289550781,4.100676536560059,1,6.753239631652832,-19.52499771118164,580.145751953125,0.485456258058548,0.5485317707061768,0.297682523727417,1,-52.68180847167969,-22.33452033996582,581.139404296875,0.6250346302986145,0.5547729134559631,0.3049871027469635,601988182554,2844660699
1,2.2554473876953125,1,2.39923095703125,1,0.07157588005065918,0.8261530995368958,-146.62135314941406,39.80784606933594,3.8470864295959473,1,0.04819190129637718,0.8223307728767395,-154.6854248046875,40.50459289550781,4.100676536560059,1,6.753239631652832,-19.52499771118164,580.145751953125,0.485456258058548,0.5485317707061768,0.297682523727417,1,-52.68180847167969,-22.33452033996582,581.139404296875,0.6250346302986145,0.5547729134559631,0.3049871027469635,601988182554,2844660699
1,2.2554473876953125,1,2.39923095703125,1,0.07157588005065918,0.8261530995368958,-146.62135314941406,39.80784606933594,3.8470864295959473,1,0.04819190129637718,0.8223307728767395,-154.6854248046875,40.50459289550781,4.100676536560059,1,6.753239631652832,-19.52499771118164,580.145751953125,0.485456258058548,0.5485317707061768,0.297682523727417,1,-52.68180847167969,-22.33452033996582,581.139404296875,0.6250346302986145,0.5547729134559631,0.3049871027469635,601988182554,2844660699
1,2.260284423828125,1,2.4363250732421875,1,0.07170499861240387,0.8236309289932251,-146.57681274414062,40.26756286621094,4.014477252960205,1,0.05361877754330635,0.8231962323188782,-152.81394958496094,40.34682846069336,4.043283462524414,1,6.75653600692749,-19.527362823486328,580.0989990234375,0.4854469895362854,0.5485389232635498,0.29758113622665405,1,-52.68124771118164,-22.33299446105957,581.1195068359375,0.6250381469726562,0.5547703504562378,0.30494385957717896,601988190888,2844669033
1,2.260284423828125,1,2.4363250732421875,1,0.07170499861240387,0.8236309289932251,-146.57681274414062,40.26756286621094,4.014477252960205,1,0.05361877754330635,0.8231962323188782,-152.81394958496094,40.34682846069336,4.043283462524414,1,6.75653600692749,-19.527362823486328,580.0989990234375,0.4854469895362854,0.5485389232635498,0.29758113622665405,1,-52.68124771118164,-22.33299446105957,581.1195068359375,0.6250381469726562,0.5547703504562378,0.30494385957717896,601988190888,2844669033
1,2.260284423828125,1,2.4363250732421875,1,0.07170499861240387,0.8236309289932251,-146.57681274414062,40.26756286621094,4.014477252960205,1,0.05361877754330635,0.8231962323188782,-152.81394958496094,40.34682846069336,4.043283462524414,1,6.75653600692749,-19.527362823486328,580.0989990234375,0.4854469895362854,0.5485389232635498,0.29758113622665405,1,-52.68124771118164,-22.33299446105957,581.1195068359375,0.6250381469726562,0.5547703504562378,0.30494385957717896,601988190888,2844669033
1,2.260284423828125,1,2.4363250732421875,1,0.07170499861240387,0.8236309289932251,-146.57681274414062,40.26756286621094,4.014477252960205,1,0.05361877754330635,0.8231962323188782,-152.81394958496094,40.34682846069336,4.043283462524414,1,6.75653600692749,-19.527362823486328,580.0989990234375,0.4854469895362854,0.5485389232635498,0.29758113622665405,1,-52.68124771118164,-22.33299446105957,581.1195068359375,0.6250381469726562,0.5547703504562378,0.30494385957717896,601988190888,2844669033
1,2.222442626953125,1,2.458587646484375,1,0.06798185408115387,0.8017463684082031,-147.8607635498047,44.25675964355469,5.466372013092041,1,0.056712981313467026,0.8362919092178345,-151.7469024658203,37.959716796875,3.17447829246521,1,6.75529670715332,-19.50677490234375,580.1455688476562,0.485451340675354,0.5484898686408997,0.297681599855423,1,-52.67706298828125,-22.30992889404297,581.0548095703125,0.6250439882278442,0.554720401763916,0.3048020005226135,601988199221,2844677366
1,2.222442626953125,1,2.458587646484375,1,0.06798185408115387,0.8017463684082031,-147.8607635498047,44.25675964355469,5.466372013092041,1,0.056712981313467026,0.8362919092178345,-151.7469024658203,37.959716796875,3.17447829246521,1,6.75529670715332,-19.50677490234375,580.1455688476562,0.485451340675354,0.5484898686408997,0.297681599855423,1,-52.67706298828125,-22.30992889404297,581.0548095703125,0.6250439882278442,0.554720401763916,0.3048020005226135,601988199221,2844677366
1,2.222442626953125,1,2.458587646484375,1,0.06798185408115387,0.8017463684082031,-147.8607635498047,44.25675964355469,5.466372013092041,1,0.056712981313467026,0.8362919092178345,-151.7469024658203,37.959716796875,3.17447829246521,1,6.75529670715332,-19.50677490234375,580.1455688476562,0.485451340675354,0.5484898686408997,0.297681599855423,1,-52.67706298828125,-22.30992889404297,581.0548095703125,0.6250439882278442,0.554720401763916,0.3048020005226135,601988199221,2844677366
1,2.222442626953125,1,2.458587646484375,1,0.06798185408115387,0.8017463684082031,-147.8607635498047,44.25675964355469,5.466372013092041,1,0.056712981313467026,0.8362919092178345,-151.7469024658203,37.959716796875,3.17447829246521,1,6.75529670715332,-19.50677490234375,580.1455688476562,0.485451340675354,0.5484898686408997,0.297681599855423,1,-52.67706298828125,-22.30992889404297,581.0548095703125,0.6250439882278442,0.554720401763916,0.3048020005226135,601988199221,2844677366
1,2.2955474853515625,1,2.4265899658203125,1,0.06682142615318298,0.82767254114151,-148.2609405517578,39.5308723449707,3.746283531188965,1,0.04426848888397217,0.8223659992218018,-156.0384063720703,40.49818420410156,4.0983099937438965,1,6.75862979888916,-19.54767417907715,580.080322265625,0.48544156551361084,0.548586368560791,0.2975413501262665,1,-52.683807373046875,-22.34847640991211,581.0921630859375,0.6250509023666382,0.5548071265220642,0.3048858642578125,601988207554,2844685699
1,2.2955474853515625,1,2.4265899658203125,1,0.06682142615318298,0.82767254114151,-148.2609405517578,39.5308723449707,3.746283531188965,1,0.04426848888397217,0.8223659992218018,-156.0384063720703,40.49818420410156,4.0983099937438965,1,6.75862979888916,-19.54767417907715,580.080322265625,0.48544156551361084,0.548586368560791,0.2975413501262665,1,-52.683807373046875,-22.34847640991211,581.0921630859375,0.6250509023666382,0.5548071265220642,0.3048858642578125,601988207554,2844685699
1,2.2955474853515625,1,2.4265899658203125,1,0.06682142615318298,0.82767254114151,-148.2609405517578,39.5308723449707,3.746283531188965,1,0.04426848888397217,0.8223659992218018,-156.0384063720703,40.49818420410156,4.0983099937438965,1,6.75862979888916,-19.54767417907715,580.080322265625,0.48544156551361084,0.548586368560791,0.2975413501262665,1,-52.683807373046875,-22.34847640991211,581.0921630859375,0.6250509023666382,0.5548071265220642,0.3048858642578125,601988207554,2844685699
1,2.2955474853515625,1,2.4265899658203125,1,0.06682142615318298,0.82767254114151,-148.2609405517578,39.5308723449707,3.746283531188965,1,0.04426848888397217,0.8223659992218018,-156.0384063720703,40.49818420410156,4.0983099937438965,1,6.75862979888916,-19.54767417907715,580.080322265625,0.48544156551361084,0.548586368560791,0.2975413501262665,1,-52.683807373046875,-22.34847640991211,581.0921630859375,0.6250509023666382,0.5548071265220642,0.3048858642578125,601988207554,2844685699
1,2.23797607421875,1,2.401947021484375,1,0.07268883287906647,0.8069080114364624,-146.237548828125,43.31589126586914,5.123931884765625,1,0.03435276076197624,0.829700231552124,-159.45790100097656,39.1612434387207,3.6117782592773438,1,6.755218982696533,-19.504671096801758,580.1270751953125,0.4854509234428406,0.5484856963157654,0.297641396522522,1,-52.67912673950195,-22.300872802734375,581.0164184570312,0.6250581741333008,0.5547012686729431,0.304718941450119,601988215891,2844694036
1,2.23797607421875,1,2.401947021484375,1,0.07268883287906647,0.8069080114364624,-146.237548828125,43.31589126586914,5.123931884765625,1,0.03435276076197624,0.829700231552124,-159.45790100097656,39.1612434387207,3.6117782592773438,1,6.755218982696533,-19.504671096801758,580.1270751953125,0.4854509234428406,0.5484856963157654,0.297641396522522,1,-52.67912673950195,-22.300872802734375,581.0164184570312,0.6250581741333008,0.5547012686729431,0.304718941450119,601988215891,2844694036
1,2.23797607421875,1,2.401947021484375,1,0.07268883287906647,0.8069080114364624,-146.237548828125,43.31589126586914,5.123931884765625,1,0.03435276076197624,0.829700231552124,-159.45790100097656,39.1612434387207,3.6117782592773438,1,6.755218982696533,-19.504671096801758,580.1270751953125,0.4854509234428406,0.5484856963157654,0.297641396522522,1,-52.67912673950195,-22.300872802734375,581.0164184570312,0.6250581741333008,0.5547012686729431,0.304718941450119,601988215891,2844694036
1,2.23797607421875,1,2.401947021484375,1,0.07268883287906647,0.8069080114364624,-146.237548828125,43.31589126586914,5.123931884765625,1,0.03435276076197624,0.829700231552124,-159.45790100097656,39.1612434387207,3.6117782592773438,1,6.755218982696533,-19.504671096801758,580.1270751953125,0.4854509234428406,0.5484856963157654,0.297641396522522,1,-52.67912673950195,-22.300872802734375,581.0164184570312,0.6250581741333008,0.5547012686729431,0.304718941450119,601988215891,2844694036
1,2.2686767578125,1,2.4244232177734375,1,0.07600044459104538,0.8364353775978088,-145.09552001953125,37.933563232421875,3.164907455444336,1,0.04710853099822998,0.8340491056442261,-155.05902099609375,38.36852264404297,3.323276996612549,1,6.749951362609863,-19.51405906677246,580.1178588867188,0.48546311259269714,0.5485076308250427,0.297621488571167,1,-52.68440628051758,-22.31554412841797,581.0057983398438,0.6250731945037842,0.5547354817390442,0.30469757318496704,601988224224,2844702369
1,2.2686767578125,1,2.4244232177734375,1,0.07600044459104538,0.8364353775978088,-145.09552001953125,37.933563232421875,3.164907455444336,1,0.04710853099822998,0.8340491056442261,-155.05902099609375,38.36852264404297,3.323276996612549,1,6.749951362609863,-19.51405906677246,580.1178588867188,0.48546311259269714,0.5485076308250427,0.297621488571167,1,-52.68440628051758,-22.31554412841797,581.0057983398438,0.6250731945037842,0.5547354817390442,0.30469757318496704,601988224224,2844702369
1,2.2686767578125,1,2.4244232177734375,1,0.07600044459104538,0.8364353775978088,-145.09552001953125,37.933563232421875,3.164907455444336,1,0.04710853099822998,0.8340491056442261,-155.05902099609375,38.36852264404297,3.323276996612549,1,6.749951362609863,-19.51405906677246,580.1178588867188,0.48546311259269714,0.5485076308250427,0.297621488571167,1,-52.68440628051758,-22.31554412841797,581.0057983398438,0.6250731945037842,0.5547354817390442,0.30469757318496704,601988224224,2844702369
1,2.2686767578125,1,2.4244232177734375,1,0.07600044459104538,0.8364353775978088,-145.09552001953125,37.933563232421875,3.164907455444336,1,0.04710853099822998,0.8340491056442261,-155.05902099609375,38.36852264404297,3.323276996612549,1,6.749951362609863,-19.51405906677246,580.1178588867188,0.48546311259269714,0.5485076308250427,0.297621488571167,1,-52.68440628051758,-22.31554412841797,581.0057983398438,0.6250731945037842,0.5547354817390442,0.30469757318496704,601988224224,2844702369
1,2.2975616455078125,1,2.451019287109375,1,0.06340480595827103,0.8401206731796265,-149.43919372558594,37.26181411743164,2.9204022884368896,1,0.04499845206737518,0.8292331695556641,-155.78671264648438,39.246437072753906,3.642720937728882,1,6.748471260070801,-19.512659072875977,580.1270751953125,0.4854668378829956,0.5485040545463562,0.297641396522522,1,-52.68857955932617,-22.31044578552246,580.9961547851562,0.6250852942466736,0.5547242164611816,0.304677277803421,601988232557,2844710702
1,2.2975616455078125,1,2.451019287109375,1,0.06340480595827103,0.8401206731796265,-149.43919372558594,37.26181411743164,2.9204022884368896,1,0.04499845206737518,0.8292331695556641,-155.78671264648438,39.246437072753906,3.642720937728882,1,6.748471260070801,-19.512659072875977,580.1270751953125,0.4854668378829956,0.5485040545463562,0.297641396522522,1,-52.68857955932617,-22.31044578552246,580.9961547851562,0.6250852942466736,0.5547242164611816,0.304677277803421,601988232557,2844710702
1,2.2975616455078125,1,2.451019287109375,1,0.06340480595827103,0.8401206731796265,-149.43919372558594,37.26181411743164,2.9204022884368896,1,0.04499845206737518,0.8292331695556641,-155.78671264648438,39.246437072753906,3.642720937728882,1,6.748471260070801,-19.512659072875977,580.1270751953125,0.4854668378829956,0.5485040545463562,0.297641396522522,1,-52.68857955932617,-22.31044578552246,580.9961547851562,0.6250852942466736,0.5547242164611816,0.304677277803421,601988232557,2844710702
1,2.2975616455078125,1,2.451019287109375,1,0.06340480595827103,0.8401206731796265,-149.43919372558594,37.26181411743164,2.9204022884368896,1,0.04499845206737518,0.8292331695556641,-155.78671264648438,39.246437072753906,3.642720937728882,1,6.748471260070801,-19.512659072875977,580.1270751953125,0.4854668378829956,0.5485040545463562,0.297641396522522,1,-52.68857955932617,-22.31044578552246,580.9961547851562,0.6250852942466736,0.5547242164611816,0.304677277803421,601988232557,2844710702
1,2.269500732421875,1,2.3899993896484375,1,0.0636734738945961,0.8130537867546082,-149.34654235839844,42.19561767578125,4.716175556182861,1,0.0479816272854805,0.8285623788833618,-154.7579345703125,39.368682861328125,3.6872332096099854,1,6.74340295791626,-19.500045776367188,580.1178588867188,0.4854784905910492,0.5484753847122192,0.29762083292007446,1,-52.694366455078125,-22.295536041259766,580.9666137695312,0.6251060366630554,0.5546912550926208,0.30461373925209045,601988240891,2844719036
1,2.269500732421875,1,2.3899993896484375,1,0.0636734738945961,0.8130537867546082,-149.34654235839844,42.19561767578125,4.716175556182861,1,0.0479816272854805,0.8285623788833618,-154.7579345703125,39.368682861328125,3.6872332096099854,1,6.74340295791626,-19.500045776367188,580.1178588867188,0.4854784905910492,0.5484753847122192,0.29762083292007446,1,-52.694366455078125,-22.295536041259766,580.9666137695312,0.6251060366630554,0.5546912550926208,0.30461373925209045,601988240891,2844719036
1,2.269500732421875,1,2.3899993896484375,1,0.0636734738945961,0.8130537867546082,-149.34654235839844,42.19561767578125,4.716175556182861,1,0.0479816272854805,0.8285623788833618,-154.7579345703125,39.368682861328125,3.6872332096099854,1,6.74340295791626,-19.500045776367188,580.1178588867188,0.4854784905910492,0.5484753847122192,0.29762083292007446,1,-52.694366455078125,-22.295536041259766,580.9666137695312,0.6251060366630554,0.5546912550926208,0.30461373925209045,601988240891,2844719036
1,2.269500732421875,1,2.3899993896484375,1,0.0636734738945961,0.8130537867546082,-149.34654235839844,42.19561767578125,4.716175556182861,1,0.0479816272854805,0.8285623788833618,-154.7579345703125,39.368682861328125,3.6872332096099854,1,6.74340295791626,-19.500045776367188,580.1178588867188,0.4854784905910492,0.5484753847122192,0.29762083292007446,1,-52.694366455078125,-22.295536041259766,580.9666137695312,0.6251060366630554,0.5546912550926208,0.30461373925209045,601988240891,2844719036
1,2.2526397705078125,1,2.487396240234375,1,0.07478297501802444,0.8245046734809875,-145.51536560058594,40.10831832885742,3.956474542617798,1,0.05817944183945656,0.8442106246948242,-151.2411651611328,36.51628875732422,2.6490612030029297,1,6.742644786834717,-19.50649070739746,580.1087646484375,0.4854799807071686,0.5484904646873474,0.2976013123989105,1,-52.6988525390625,-22.304624557495117,580.965576171875,0.6251168251037598,0.554712176322937,0.30461278557777405,601988249224,2844727369
1,2.2526397705078125,1,2.487396240234375,1,0.07478297501802444,0.8245046734809875,-145.51536560058594,40.10831832885742,3.956474542617798,1,0.05817944183945656,0.8442106246948242,-151.2411651611328,36.51628875732422,2.6490612030029297,1,6.742644786834717,-19.50649070739746,580.1087646484375,0.4854799807071686,0.5484904646873474,0.2976013123989105,1,-52.6988525390625,-22.304624557495117,580.965576171875,0.6251168251037598,0.554712176322937,0.30461278557777405,601988249224,2844727369
1,2.2526397705078125,1,2.487396240234375,1,0.07478297501802444,0.8245046734809875,-145.51536560058594,40.10831832885742,3.956474542617798,1,0.05817944183945656,0.8442106246948242,-151.2411651611328,36.51628875732422,2.6490612030029297,1,6.742644786834717,-19.50649070739746,580.1087646484375,0.4854799807071686,0.5484904646873474,0.2976013123989105,1,-52.6988525390625,-22.304624557495117,580.965576171875,0.6251168251037598,0.554712176322937,0.30461278557777405,601988249224,2844727369
1,2.2526397705078125,1,2.487396240234375,1,0.07478297501802444,0.8245046734809875,-145.51536560058594,40.10831832885742,3.956474542617798,1,0.05817944183945656,0.8442106246948242,-151.2411651611328,36.51628875732422,2.6490612030029297,1,6.742644786834717,-19.50649070739746,580.1087646484375,0.4854799807071686,0.5484904646873474,0.2976013123989105,1,-52.6988525390625,-22.304624557495117,580.965576171875,0.6251168251037598,0.554712176322937,0.30461278557777405,601988249224,2844727369
1,2.2895050048828125,1,2.4434661865234375,1,0.07326358556747437,0.8293534517288208,-146.03933715820312,39.22447967529297,3.634758949279785,1,0.04755619540810585,0.832330584526062,-154.90464782714844,38.68180847167969,3.437264919281006,1,6.731961250305176,-19.47537612915039,580.0530395507812,0.4855034053325653,0.5484207272529602,0.2974788546562195,1,-52.70952606201172,-22.27267837524414,580.945556640625,0.6251465678215027,0.5546397566795349,0.3045700788497925,601988257557,2844735702
1,2.2895050048828125,1,2.4434661865234375,1,0.07326358556747437,0.8293534517288208,-146.03933715820312,39.22447967529297,3.634758949279785,1,0.04755619540810585,0.832330584526062,-154.90464782714844,38.68180847167969,3.437264919281006,1,6.731961250305176,-19.47537612915039,580.0530395507812,0.4855034053325653,0.5484207272529602,0.2974788546562195,1,-52.70952606201172,-22.27267837524414,580.945556640625,0.6251465678215027,0.5546397566795349,0.3045700788497925,601988257557,2844735702
1,2.2895050048828125,1,2.4434661865234375,1,0.07326358556747437,0.8293534517288208,-146.03933715820312,39.22447967529297,3.634758949279785,1,0.04755619540810585,0.832330584526062,-154.90464782714844,38.68180847167969,3.437264919281006,1,6.731961250305176,-19.47537612915039,580.0530395507812,0.4855034053325653,0.5484207272529602,0.2974788546562195,1,-52.70952606201172,-22.27267837524414,580.945556640625,0.6251465678215027,0.5546397566795349,0.3045700788497925,601988257557,2844735702
1,2.2895050048828125,1,2.4434661865234375,1,0.07326358556747437,0.8293534517288208,-146.03933715820312,39.22447967529297,3.634758949279785,1,0.04755619540810585,0.832330584526062,-154.90464782714844,38.68180847167969,3.437264919281006,1,6.731961250305176,-19.47537612915039,580.0530395507812,0.4855034053325653,0.5484207272529602,0.2974788546562195,1,-52.70952606201172,-22.27267837524414,580.945556640625,0.6251465678215027,0.5546397566795349,0.3045700788497925,601988257557,2844735702
1,2.2981719970703125,1,2.4417572021484375,1,0.06008901447057724,0.8072277903556824,-150.5826416015625,43.2575798034668,5.102720260620117,1,0.05303795263171196,0.8351658582687378,-153.0142364501953,38.16497039794922,3.2491447925567627,1,6.730625629425049,-19.493038177490234,580.0810546875,0.48550742864608765,0.5484604835510254,0.29754042625427246,1,-52.71686935424805,-22.295448303222656,580.934326171875,0.6251665949821472,0.5546925067901611,0.3045481741428375,601988265891,2844744036
1,2.2981719970703125,1,2.4417572021484375,1,0.06008901447057724,0.8072277903556824,-150.5826416015625,43.2575798034668,5.102720260620117,1,0.05303795263171196,0.8351658582687378,-153.0142364501953,38.16497039794922,3.2491447925567627,1,6.730625629425049,-19.493038177490234,580.0810546875,0.48550742864608765,0.5484604835510254,0.29754042625427246,1,-52.71686935424805,-22.295448303222656,580.934326171875,0.6251665949821472,0.5546925067901611,0.3045481741428375,601988265891,2844744036
1,2.2981719970703125,1,2.4417572021484375,1,0.06008901447057724,0.8072277903556824,-150.5826416015625,43.2575798034668,5.102720260620117,1,0.05303795263171196,0.8351658582687378,-153.0142364501953,38.16497039794922,3.2491447925567627,1,6.730625629425049,-19.493038177490234,580.0810546875,0.48550742864608765,0.5484604835510254,0.29754042625427246,1,-52.71686935424805,-22.295448303222656,580.934326171875,0.6251665949821472,0.5546925067901611,0.3045481741428375,601988265891,2844744036
1,2.2981719970703125,1,2.4417572021484375,1,0.06008901447057724,0.8072277903556824,-150.5826416015625,43.2575798034668,5.102720260620117,1,0.05303795263171196,0.8351658582687378,-153.0142364501953,38.16497039794922,3.2491447925567627,1,6.730625629425049,-19.493038177490234,580.0810546875,0.48550742864608765,0.5484604835510254,0.29754042625427246,1,-52.71686935424805,-22.295448303222656,580.934326171875,0.6251665949821472,0.5546925067901611,0.3045481741428375,601988265891,2844744036
1,2.285888671875,1,2.4255828857421875,1,0.05241524428129196,0.8010631203651428,-153.22898864746094,44.38132095336914,5.511672496795654,1,0.05083883926272392,0.8200041055679321,-153.77259826660156,40.92871856689453,4.255013942718506,1,6.72254753112793,-19.457576751708984,580.0157470703125,0.48552438616752625,0.5483810305595398,0.2973969876766205,1,-52.73525619506836,-22.253036499023438,580.9798583984375,0.6251983642578125,0.5545929670333862,0.3046484887599945,601988274224,2844752369
1,2.285888671875,1,2.4255828857421875,1,0.05241524428129196,0.8010631203651428,-153.22898864746094,44.38132095336914,5.511672496795654,1,0.05083883926272392,0.8200041055679321,-153.77259826660156,40.92871856689453,4.255013942718506,1,6.72254753112793,-19.457576751708984,580.0157470703125,0.48552438616752625,0.5483810305595398,0.2973969876766205,1,-52.73525619506836,-22.253036499023438,580.9798583984375,0.6251983642578125,0.5545929670333862,0.3046484887599945,601988274224,2844752369
1,2.285888671875,1,2.4255828857421875,1,0.05241524428129196,0.8010631203651428,-153.22898864746094,44.38132095336914,5.511672496795654,1,0.05083883926272392,0.8200041055679321,-153.77259826660156,40.92871856689453,4.255013942718506,1,6.72254753112793,-19.457576751708984,580.0157470703125,0.48552438616752625,0.5483810305595398,0.2973969876766205,1,-52.73525619506836,-22.253036499023438,580.9798583984375,0.6251983642578125,0.5545929670333862,0.3046484887599945,601988274224,2844752369
1,2.285888671875,1,2.4255828857421875,1,0.05241524428129196,0.8010631203651428,-153.22898864746094,44.38132095336914,5.511672496795654,1,0.05083883926272392,0.8200041055679321,-153.77259826660156,40.92871856689453,4.255013942718506,1,6.72254753112793,-19.457576751708984,580.0157470703125,0.48552438616752625,0.5483810305595398,0.2973969876766205,1,-52.73525619506836,-22.253036499023438,580.9798583984375,0.6251983642578125,0.5545929670333862,0.3046484887599945,601988274224,2844752369
1,2.2518768310546875,1,2.458404541015625,1,0.07149799913167953,0.8039273619651794,-146.64822387695312,43.859230041503906,5.321615219116211,1,0.051565155386924744,0.8278188705444336,-153.5221405029297,39.50420379638672,3.7365827560424805,1,6.713764190673828,-19.467798233032227,579.9879150390625,0.48554423451423645,0.5484054684638977,0.297336608171463,1,-52.7413330078125,-22.260608673095703,580.958740234375,0.6252177953720093,0.5546112656593323,0.30460429191589355,601988282557,2844760702
1,2.2518768310546875,1,2.458404541015625,1,0.07149799913167953,0.8039273619651794,-146.64822387695312,43.859230041503906,5.321615219116211,1,0.051565155386924744,0.8278188705444336,-153.5221405029297,39.50420379638672,3.7365827560424805,1,6.713764190673828,-19.467798233032227,579.9879150390625,0.48554423451423645,0.5484054684638977,0.297336608171463,1,-52.7413330078125,-22.260608673095703,580.958740234375,0.6252177953720093,0.5546112656593323,0.30460429191589355,601988282557,2844760702
1,2.2518768310546875,1,2.458404541015625,1,0.07149799913167953,0.8039273619651794,-146.64822387695312,43.859230041503906,5.321615219116211,1,0.051565155386924744,0.8278188705444336,-153.5221405029297,39.50420379638672,3.7365827560424805,1,6.713764190673828,-19.467798233032227,579.9879150390625,0.48554423451423645,0.5484054684638977,0.297336608171463,1,-52.7413330078125,-22.260608673095703,580.958740234375,0.6252177953720093,0.5546112656593323,0.30460429191589355,601988282557,2844760702
1,2.2518768310546875,1,2.458404541015625,1,0.07149799913167953,0.8039273619651794,-146.64822387695312,43.859230041503906,5.321615219116211,1,0.051565155386924744,0.8278188705444336,-153.5221405029297,39.50420379638672,3.7365827560424805,1,6.713764190673828,-19.467798233032227,579.9879150390625,0.48554423451423645,0.5484054684638977,0.297336608171463,1,-52.7413330078125,-22.260608673095703,580.958740234375,0.6252177953720093,0.5546112656593323,0.30460429191589355,601988282557,2844760702
1,2.22412109375,1,2.474273681640625,1,0.07129219174385071,0.8058812022209167,-146.7191925048828,43.50306701660156,5.192020416259766,1,0.07024545222520828,0.8312004804611206,-147.0801544189453,38.8878173828125,3.5121452808380127,1,6.709199905395508,-19.447063446044922,579.94140625,0.4855535328388214,0.5483593940734863,0.2972347140312195,1,-52.74897766113281,-22.24245262145996,580.9486083984375,0.6252381205558777,0.5545700788497925,0.3045830726623535,601988290891,2844769036
1,2.22412109375,1,2.474273681640625,1,0.07129219174385071,0.8058812022209167,-146.7191925048828,43.50306701660156,5.192020416259766,1,0.07024545222520828,0.8312004804611206,-147.0801544189453,38.8878173828125,3.5121452808380127,1,6.709199905395508,-19.447063446044922,579.94140625,0.4855535328388214,0.5483593940734863,0.2972347140312195,1,-52.74897766113281,-22.24245262145996,580.9486083984375,0.6252381205558777,0.5545700788497925,0.3045830726623535,601988290891,2844769036
1,2.22412109375,1,2.474273681640625,1,0.07129219174385071,0.8058812022209167,-146.7191925048828,43.50306701660156,5.192020416259766,1,0.07024545222520828,0.8312004804611206,-147.0801544189453,38.8878173828125,3.5121452808380127,1,6.709199905395508,-19.447063446044922,579.94140625,0.4855535328388214,0.5483593940734863,0.2972347140312195,1,-52.74897766113281,-22.24245262145996,580.9486083984375,0.6252381205558777,0.5545700788497925,0.3045830726623535,601988290891,2844769036
1,2.22412109375,1,2.474273681640625,1,0.07129219174385071,0.8058812022209167,-146.7191925048828,43.50306701660156,5.192020416259766,1,0.07024545222520828,0.8312004804611206,-147.0801544189453,38.8878173828125,3.5121452808380127,1,6.709199905395508,-19.447063446044922,579.94140625,0.4855535328388214,0.5483593940734863,0.2972347140312195,1,-52.74897766113281,-22.24245262145996,580.9486083984375,0.6252381205558777,0.5545700788497925,0.3045830726623535,601988290891,2844769036
1,2.2799835205078125,1,2.469207763671875,1,0.05583925172686577,0.8082884550094604,-152.04818725585938,43.06424331665039,5.032310485839844,1,0.05637814477086067,0.8301022052764893,-151.86236572265625,39.08799743652344,3.5851166248321533,1,6.701683044433594,-19.441036224365234,579.9134521484375,0.48557037115097046,0.5483464598655701,0.29717352986335754,1,-52.754600524902344,-22.24013328552246,580.9097900390625,0.6252607703208923,0.5545664429664612,0.30450016260147095,601988299224,2844777369
1,2.2799835205078125,1,2.469207763671875,1,0.05583925172686577,0.8082884550094604,-152.04818725585938,43.06424331665039,5.032310485839844,1,0.05637814477086067,0.8301022052764893,-151.86236572265625,39.08799743652344,3.5851166248321533,1,6.701683044433594,-19.441036224365234,579.9134521484375,0.48557037115097046,0.5483464598655701,0.29717352986335754,1,-52.754600524902344,-22.24013328552246,580.9097900390625,0.6252607703208923,0.5545664429664612,0.30450016260147095,601988299224,2844777369
1,2.2799835205078125,1,2.469207763671875,1,0.05583925172686577,0.8082884550094604,-152.04818725585938,43.06424331665039,5.032310485839844,1,0.05637814477086067,0.8301022052764893,-151.86236572265625,39.08799743652344,3.5851166248321533,1,6.701683044433594,-19.441036224365234,579.9134521484375,0.48557037115097046,0.5483464598655701,0.29717352986335754,1,-52.754600524902344,-22.24013328552246,580.9097900390625,0.6252607703208923,0.5545664429664612,0.30450016260147095,601988299224,2844777369
1,2.2799835205078125,1,2.469207763671875,1,0.05583925172686577,0.8082884550094604,-152.04818725585938,43.06424331665039,5.032310485839844,1,0.05637814477086067,0.8301022052764893,-151.86236572265625,39.08799743652344,3.5851166248321533,1,6.701683044433594,-19.441036224365234,579.9134521484375,0.48557037115097046,0.5483464598655701,0.29717352986335754,1,-52.754600524902344,-22.24013328552246,580.9097900390625,0.6252607703208923,0.5545664429664612,0.30450016260147095,601988299224,2844777369
1,2.28179931640625,1,2.4385833740234375,1,0.06413134932518005,0.802368700504303,-149.1886444091797,44.14332580566406,5.425097465515137,1,0.05098200961947441,0.8333162069320679,-153.72325134277344,38.50212860107422,3.3718574047088623,1,6.693968772888184,-19.42087173461914,579.93212890625,0.48558905720710754,0.5482993125915527,0.2972133457660675,1,-52.76219940185547,-22.22893524169922,580.8701171875,0.625288188457489,0.5545425415039062,0.30441510677337646,601988307557,2844785702
1,2.28179931640625,1,2.4385833740234375,1,0.06413134932518005,0.802368700504303,-149.1886444091797,44.14332580566406,5.425097465515137,1,0.05098200961947441,0.8333162069320679,-153.72325134277344,38.50212860107422,3.3718574047088623,1,6.693968772888184,-19.42087173461914,579.93212890625,0.48558905720710754,0.5482993125915527,0.2972133457660675,1,-52.76219940185547,-22.22893524169922,580.8701171875,0.625288188457489,0.5545425415039062,0.30441510677337646,601988307557,2844785702
1,2.28179931640625,1,2.4385833740234375,1,0.06413134932518005,0.802368700504303,-149.1886444091797,44.14332580566406,5.425097465515137,1,0.05098200961947441,0.8333162069320679,-153.72325134277344,38.50212860107422,3.3718574047088623,1,6.693968772888184,-19.42087173461914,579.93212890625,0.48558905720710754,0.5482993125915527,0.2972133457660675,1,-52.76219940185547,-22.22893524169922,580.8701171875,0.625288188457489,0.5545425415039062,0.30441510677337646,601988307557,2844785702
1,2.28179931640625,1,2.4385833740234375,1,0.06413134932518005,0.802368700504303,-149.1886444091797,44.14332580566406,5.425097465515137,1,0.05098200961947441,0.8333162069320679,-153.72325134277344,38.50212860107422,3.3718574047088623,1,6.693968772888184,-19.42087173461914,579.93212890625,0.48558905720710754,0.5482993125915527,0.2972133457660675,1,-52.76219940185547,-22.22893524169922,580.8701171875,0.625288188457489,0.5545425415039062,0.30441510677337646,601988307557,2844785702
1,2.22467041015625,1,2.4484710693359375,1,0.07312522083520889,0.8082670569419861,-146.08706665039062,43.06814956665039,5.033783435821533,1,0.04457348212599754,0.815266489982605,-155.93325805664062,41.79228591918945,4.569380760192871,1,6.6833696365356445,-19.429271697998047,579.8951416015625,0.4856129586696625,0.548319935798645,0.2971329391002655,1,-52.77320098876953,-22.236488342285156,580.8968505859375,0.6253075003623962,0.5545586347579956,0.30447545647621155,601988315891,2844794036
1,2.22467041015625,1,2.4484710693359375,1,0.07312522083520889,0.8082670569419861,-146.08706665039062,43.06814956665039,5.033783435821533,1,0.04457348212599754,0.815266489982605,-155.93325805664062,41.79228591918945,4.569380760192871,1,6.6833696365356445,-19.429271697998047,579.8951416015625,0.4856129586696625,0.548319935798645,0.2971329391002655,1,-52.77320098876953,-22.236488342285156,580.8968505859375,0.6253075003623962,0.5545586347579956,0.30447545647621155,601988315891,2844794036
1,2.22467041015625,1,2.4484710693359375,1,0.07312522083520889,0.8082670569419861,-146.08706665039062,43.06814956665039,5.033783435821533,1,0.04457348212599754,0.815266489982605,-155.93325805664062,41.79228591918945,4.569380760192871,1,6.6833696365356445,-19.429271697998047,579.8951416015625,0.4856129586696625,0.548319935798645,0.2971329391002655,1,-52.77320098876953,-22.236488342285156,580.8968505859375,0.6253075003623962,0.5545586347579956,0.30447545647621155,601988315891,2844794036
1,2.22467041015625,1,2.4484710693359375,1,0.07312522083520889,0.8082670569419861,-146.08706665039062,43.06814956665039,5.033783435821533,1,0.04457348212599754,0.815266489982605,-155.93325805664062,41.79228591918945,4.569380760192871,1,6.6833696365356445,-19.429271697998047,579.8951416015625,0.4856129586696625,0.548319935798645,0.2971329391002655,1,-52.77320098876953,-22.236488342285156,580.8968505859375,0.6253075003623962,0.5545586347579956,0.30447545647621155,601988315891,2844794036
1,2.2655792236328125,1,2.476898193359375,1,0.06171891838312149,0.8118001222610474,-150.02056884765625,42.424129486083984,4.799356460571289,1,0.0510946661233902,0.8131481409072876,-153.6844024658203,42.178428649902344,4.709905624389648,1,6.671862602233887,-19.42073631286621,579.92333984375,0.48564091324806213,0.5482991933822632,0.297193706035614,1,-52.783729553222656,-22.2330265045166,580.9138793945312,0.6253279447555542,0.5545498728752136,0.30451419949531555,601988324224,2844802369
1,2.2655792236328125,1,2.476898193359375,1,0.06171891838312149,0.8118001222610474,-150.02056884765625,42.424129486083984,4.799356460571289,1,0.0510946661233902,0.8131481409072876,-153.6844024658203,42.178428649902344,4.709905624389648,1,6.671862602233887,-19.42073631286621,579.92333984375,0.48564091324806213,0.5482991933822632,0.297193706035614,1,-52.783729553222656,-22.2330265045166,580.9138793945312,0.6253279447555542,0.5545498728752136,0.30451419949531555,601988324224,2844802369
1,2.2655792236328125,1,2.476898193359375,1,0.06171891838312149,0.8118001222610474,-150.02056884765625,42.424129486083984,4.799356460571289,1,0.0510946661233902,0.8131481409072876,-153.6844024658203,42.178428649902344,4.709905624389648,1,6.671862602233887,-19.42073631286621,579.92333984375,0.48564091324806213,0.5482991933822632,0.297193706035614,1,-52.783729553222656,-22.2330265045166,580.9138793945312,0.6253279447555542,0.5545498728752136,0.30451419949531555,601988324224,2844802369
1,2.2655792236328125,1,2.476898193359375,1,0.06171891838312149,0.8118001222610474,-150.02056884765625,42.424129486083984,4.799356460571289,1,0.0510946661233902,0.8131481409072876,-153.6844024658203,42.178428649902344,4.709905624389648,1,6.671862602233887,-19.42073631286621,579.92333984375,0.48564091324806213,0.5482991933822632,0.297193706035614,1,-52.783729553222656,-22.2330265045166,580.9138793945312,0.6253279447555542,0.5545498728752136,0.30451419949531555,601988324224,2844802369
1,2.2939453125,1,2.458953857421875,1,0.06219389662146568,0.8086959719657898,-149.8567657470703,42.9899787902832,5.0052924156188965,1,0.048695292323827744,0.8319829106330872,-154.51182556152344,38.745147705078125,3.460315227508545,1,6.660776138305664,-19.40224838256836,579.8958740234375,0.48566606640815735,0.54825758934021,0.29713305830955505,1,-52.79047393798828,-22.22314453125,580.8751831054688,0.6253531575202942,0.5545289516448975,0.30443140864372253,601988332557,2844810702
1,2.2939453125,1,2.458953857421875,1,0.06219389662146568,0.8086959719657898,-149.8567657470703,42.9899787902832,5.0052924156188965,1,0.048695292323827744,0.8319829106330872,-154.51182556152344,38.745147705078125,3.460315227508545,1,6.660776138305664,-19.40224838256836,579.8958740234375,0.48566606640815735,0.54825758934021,0.29713305830955505,1,-52.79047393798828,-22.22314453125,580.8751831054688,0.6253531575202942,0.5545289516448975,0.30443140864372253,601988332557,2844810702
1,2.2939453125,1,2.458953857421875,1,0.06219389662146568,0.8086959719657898,-149.8567657470703,42.9899787902832,5.0052924156188965,1,0.048695292323827744,0.8319829106330872,-154.51182556152344,38.745147705078125,3.460315227508545,1,6.660776138305664,-19.40224838256836,579.8958740234375,0.48566606640815735,0.54825758934021,0.29713305830955505,1,-52.79047393798828,-22.22314453125,580.8751831054688,0.6253531575202942,0.5545289516448975,0.30443140864372253,601988332557,2844810702
1,2.2939453125,1,2.458953857421875,1,0.06219389662146568,0.8086959719657898,-149.8567657470703,42.9899787902832,5.0052924156188965,1,0.048695292323827744,0.8319829106330872,-154.51182556152344,38.745147705078125,3.460315227508545,1,6.660776138305664,-19.40224838256836,579.8958740234375,0.48566606640815735,0.54825758934021,0.29713305830955505,1,-52.79047393798828,-22.22314453125,580.8751831054688,0.6253531575202942,0.5545289516448975,0.30443140864372253,601988332557,2844810702
1,2.3222198486328125,1,2.4261474609375,1,0.057122375816106796,0.812606930732727,-151.605712890625,42.27707290649414,4.7458109855651855,1,0.04554372653365135,0.8375315070152283,-155.59866333007812,37.733768463134766,3.0921595096588135,1,6.649189472198486,-19.414432525634766,579.8587036132812,0.4856923222541809,0.5482869148254395,0.29705241322517395,1,-52.8033561706543,-22.2356014251709,580.9014282226562,0.6253769993782043,0.5545563101768494,0.304491251707077,601988340891,2844819036
1,2.3222198486328125,1,2.4261474609375,1,0.057122375816106796,0.812606930732727,-151.605712890625,42.27707290649414,4.7458109855651855,1,0.04554372653365135,0.8375315070152283,-155.59866333007812,37.733768463134766,3.0921595096588135,1,6.649189472198486,-19.414432525634766,579.8587036132812,0.4856923222541809,0.5482869148254395,0.29705241322517395,1,-52.8033561706543,-22.2356014251709,580.9014282226562,0.6253769993782043,0.5545563101768494,0.304491251707077,601988340891,2844819036
1,2.3222198486328125,1,2.4261474609375,1,0.057122375816106796,0.812606930732727,-151.605712890625,42.27707290649414,4.7458109855651855,1,0.04554372653365135,0.8375315070152283,-155.59866333007812,37.733768463134766,3.0921595096588135,1,6.649189472198486,-19.414432525634766,579.8587036132812,0.4856923222541809,0.5482869148254395,0.29705241322517395,1,-52.8033561706543,-22.2356014251709,580.9014282226562,0.6253769993782043,0.5545563101768494,0.304491251707077,601988340891,2844819036
1,2.3222198486328125,1,2.4261474609375,1,0.057122375816106796,0.812606930732727,-151.605712890625,42.27707290649414,4.7458109855651855,1,0.04554372653365135,0.8375315070152283,-155.59866333007812,37.733768463134766,3.0921595096588135,1,6.649189472198486,-19.414432525634766,579.8587036132812,0.4856923222541809,0.5482869148254395,0.29705241322517395,1,-52.8033561706543,-22.2356014251709,580.9014282226562,0.6253769993782043,0.5545563101768494,0.304491251707077,601988340891,2844819036
1,2.351226806640625,1,2.4949493408203125,1,0.05664080008864403,0.8421428799629211,-151.77178955078125,36.893211364746094,2.7862393856048584,1,0.048802804201841354,0.844264566898346,-154.47474670410156,36.50642013549805,2.6455271244049072,1,6.634231090545654,-19.41583251953125,579.8216552734375,0.4857264459133148,0.5482913255691528,0.2969715893268585,1,-52.81193161010742,-22.24016761779785,580.890869140625,0.6253997087478638,0.5545672178268433,0.30447015166282654,601988349226,2844827371
1,2.351226806640625,1,2.4949493408203125,1,0.05664080008864403,0.8421428799629211,-151.77178955078125,36.893211364746094,2.7862393856048584,1,0.048802804201841354,0.844264566898346,-154.47474670410156,36.50642013549805,2.6455271244049072,1,6.634231090545654,-19.41583251953125,579.8216552734375,0.4857264459133148,0.5482913255691528,0.2969715893268585,1,-52.81193161010742,-22.24016761779785,580.890869140625,0.6253997087478638,0.5545672178268433,0.30447015166282654,601988349226,2844827371
1,2.351226806640625,1,2.4949493408203125,1,0.05664080008864403,0.8421428799629211,-151.77178955078125,36.893211364746094,2.7862393856048584,1,0.048802804201841354,0.844264566898346,-154.47474670410156,36.50642013549805,2.6455271244049072,1,6.634231090545654,-19.41583251953125,579.8216552734375,0.4857264459133148,0.5482913255691528,0.2969715893268585,1,-52.81193161010742,-22.24016761779785,580.890869140625,0.6253997087478638,0.5545672178268433,0.30447015166282654,601988349226,2844827371
1,2.351226806640625,1,2.4949493408203125,1,0.05664080008864403,0.8421428799629211,-151.77178955078125,36.893211364746094,2.7862393856048584,1,0.048802804201841354,0.844264566898346,-154.47474670410156,36.50642013549805,2.6455271244049072,1,6.634231090545654,-19.41583251953125,579.8216552734375,0.4857264459133148,0.5482913255691528,0.2969715893268585,1,-52.81193161010742,-22.24016761779785,580.890869140625,0.6253997087478638,0.5545672178268433,0.30447015166282654,601988349226,2844827371
1,2.2891082763671875,1,2.4305419921875,1,0.05881731957197189,0.8164398670196533,-151.0211944580078,41.57838439941406,4.491513729095459,1,0.03994830697774887,0.8206688165664673,-157.5282745361328,40.807533264160156,4.2109599113464355,1,6.620119094848633,-19.415979385375977,579.8126831054688,0.4857593774795532,0.5482919216156006,0.29695168137550354,1,-52.82737350463867,-22.248559951782227,580.9255981445312,0.6254273653030396,0.5545848608016968,0.3045487105846405,601988357559,2844835704
1,2.2891082763671875,1,2.4305419921875,1,0.05881731957197189,0.8164398670196533,-151.0211944580078,41.57838439941406,4.491513729095459,1,0.03994830697774887,0.8206688165664673,-157.5282745361328,40.807533264160156,4.2109599113464355,1,6.620119094848633,-19.415979385375977,579.8126831054688,0.4857593774795532,0.5482919216156006,0.29695168137550354,1,-52.82737350463867,-22.248559951782227,580.9255981445312,0.6254273653030396,0.5545848608016968,0.3045487105846405,601988357559,2844835704
1,2.2891082763671875,1,2.4305419921875,1,0.05881731957197189,0.8164398670196533,-151.0211944580078,41.57838439941406,4.491513729095459,1,0.03994830697774887,0.8206688165664673,-157.5282745361328,40.807533264160156,4.2109599113464355,1,6.620119094848633,-19.415979385375977,579.8126831054688,0.4857593774795532,0.5482919216156006,0.29695168137550354,1,-52.82737350463867,-22.248559951782227,580.9255981445312,0.6254273653030396,0.5545848608016968,0.3045487105846405,601988357559,2844835704
1,2.2891082763671875,1,2.4305419921875,1,0.05881731957197189,0.8164398670196533,-151.0211944580078,41.57838439941406,4.491513729095459,1,0.03994830697774887,0.8206688165664673,-157.5282745361328,40.807533264160156,4.2109599113464355,1,6.620119094848633,-19.415979385375977,579.8126831054688,0.4857593774795532,0.5482919216156006,0.29695168137550354,1,-52.82737350463867,-22.248559951782227,580.9255981445312,0.6254273653030396,0.5545848608016968,0.3045487105846405,601988357559,2844835704
1,2.26312255859375,1,2.50115966796875,1,0.06456844508647919,0.8103200793266296,-149.03790283203125,42.69392395019531,4.897550106048584,1,0.05732116848230362,0.8529695868492126,-151.5371551513672,34.919681549072266,2.0679614543914795,1,6.604870796203613,-19.44652557373047,579.9151000976562,0.4857984781265259,0.5483587980270386,0.29717499017715454,1,-52.83203887939453,-22.27436637878418,580.8966064453125,0.625445544719696,0.5546454191207886,0.30448806285858154,601988365893,2844844038
1,2.26312255859375,1,2.50115966796875,1,0.06456844508647919,0.8103200793266296,-149.03790283203125,42.69392395019531,4.897550106048584,1,0.05732116848230362,0.8529695868492126,-151.5371551513672,34.919681549072266,2.0679614543914795,1,6.604870796203613,-19.44652557373047,579.9151000976562,0.4857984781265259,0.5483587980270386,0.29717499017715454,1,-52.83203887939453,-22.27436637878418,580.8966064453125,0.625445544719696,0.5546454191207886,0.30448806285858154,601988365893,2844844038
1,2.26312255859375,1,2.50115966796875,1,0.06456844508647919,0.8103200793266296,-149.03790283203125,42.69392395019531,4.897550106048584,1,0.05732116848230362,0.8529695868492126,-151.5371551513672,34.919681549072266,2.0679614543914795,1,6.604870796203613,-19.44652557373047,579.9151000976562,0.4857984781265259,0.5483587980270386,0.29717499017715454,1,-52.83203887939453,-22.27436637878418,580.8966064453125,0.625445544719696,0.5546454191207886,0.30448806285858154,601988365893,2844844038
1,2.26312255859375,1,2.50115966796875,1,0.06456844508647919,0.8103200793266296,-149.03790283203125,42.69392395019531,4.897550106048584,1,0.05732116848230362,0.8529695868492126,-151.5371551513672,34.919681549072266,2.0679614543914795,1,6.604870796203613,-19.44652557373047,579.9151000976562,0.4857984781265259,0.5483587980270386,0.29717499017715454,1,-52.83203887939453,-22.27436637878418,580.8966064453125,0.625445544719696,0.5546454191207886,0.30448806285858154,601988365893,2844844038
1,2.3029327392578125,1,2.4679718017578125,1,0.05198400467634201,0.8707529306411743,-153.377685546875,31.678091049194336,0.8880749344825745,1,0.05194540694355965,0.9010167121887207,-153.39102172851562,26.16156768798828,-1.1197949647903442,1,6.600989818572998,-19.481708526611328,579.9808349609375,0.48580965399742126,0.5484374761581421,0.2973189651966095,1,-52.82209014892578,-22.291118621826172,580.9267578125,0.6254149675369263,0.5546825528144836,0.3045521676540375,601988374226,2844852371
1,2.3029327392578125,1,2.4679718017578125,1,0.05198400467634201,0.8707529306411743,-153.377685546875,31.678091049194336,0.8880749344825745,1,0.05194540694355965,0.9010167121887207,-153.39102172851562,26.16156768798828,-1.1197949647903442,1,6.600989818572998,-19.481708526611328,579.9808349609375,0.48580965399742126,0.5484374761581421,0.2973189651966095,1,-52.82209014892578,-22.291118621826172,580.9267578125,0.6254149675369263,0.5546825528144836,0.3045521676540375,601988374226,2844852371
1,2.3029327392578125,1,2.4679718017578125,1,0.05198400467634201,0.8707529306411743,-153.377685546875,31.678091049194336,0.8880749344825745,1,0.05194540694355965,0.9010167121887207,-153.39102172851562,26.16156768798828,-1.1197949647903442,1,6.600989818572998,-19.481708526611328,579.9808349609375,0.48580965399742126,0.5484374761581421,0.2973189651966095,1,-52.82209014892578,-22.291118621826172,580.9267578125,0.6254149675369263,0.5546825528144836,0.3045521676540375,601988374226,2844852371
1,2.3029327392578125,1,2.4679718017578125,1,0.05198400467634201,0.8707529306411743,-153.377685546875,31.678091049194336,0.8880749344825745,1,0.05194540694355965,0.9010167121887207,-153.39102172851562,26.16156768798828,-1.1197949647903442,1,6.600989818572998,-19.481708526611328,579.9808349609375,0.48580965399742126,0.5484374761581421,0.2973189651966095,1,-52.82209014892578,-22.291118621826172,580.9267578125,0.6254149675369263,0.5546825528144836,0.3045521676540375,601988374226,2844852371
1,2.264373779296875,1,2.4753570556640625,1,0.0730990543961525,0.8583917021751404,-146.09608459472656,33.931339263916016,1.7082256078720093,1,0.053081411868333817,0.8888682126998901,-152.99925231933594,28.376018524169922,-0.31378722190856934,1,6.600559234619141,-19.487592697143555,579.989990234375,0.4858109652996063,0.5484506487846375,0.29733899235725403,1,-52.82343673706055,-22.30017852783203,580.9649658203125,0.6254088282585144,0.5547016263008118,0.30463549494743347,601988382559,2844860704
1,2.264373779296875,1,2.4753570556640625,1,0.0730990543961525,0.8583917021751404,-146.09608459472656,33.931339263916016,1.7082256078720093,1,0.053081411868333817,0.8888682126998901,-152.99925231933594,28.376018524169922,-0.31378722190856934,1,6.600559234619141,-19.487592697143555,579.989990234375,0.4858109652996063,0.5484506487846375,0.29733899235725403,1,-52.82343673706055,-22.30017852783203,580.9649658203125,0.6254088282585144,0.5547016263008118,0.30463549494743347,601988382559,2844860704
1,2.264373779296875,1,2.4753570556640625,1,0.0730990543961525,0.8583917021751404,-146.09608459472656,33.931339263916016,1.7082256078720093,1,0.053081411868333817,0.8888682126998901,-152.99925231933594,28.376018524169922,-0.31378722190856934,1,6.600559234619141,-19.487592697143555,579.989990234375,0.4858109652996063,0.5484506487846375,0.29733899235725403,1,-52.82343673706055,-22.30017852783203,580.9649658203125,0.6254088282585144,0.5547016263008118,0.30463549494743347,601988382559,2844860704
1,2.264373779296875,1,2.4753570556640625,1,0.0730990543961525,0.8583917021751404,-146.09608459472656,33.931339263916016,1.7082256078720093,1,0.053081411868333817,0.8888682126998901,-152.99925231933594,28.376018524169922,-0.31378722190856934,1,6.600559234619141,-19.487592697143555,579.989990234375,0.4858109652996063,0.5484506487846375,0.29733899235725403,1,-52.82343673706055,-22.30017852783203,580.9649658203125,0.6254088282585144,0.5547016263008118,0.30463549494743347,601988382559,2844860704
1,2.2721099853515625,1,2.4527587890625,1,0.07340631633996964,0.8572177886962891,-145.9901123046875,34.14530944824219,1.786110281944275,1,0.0569702684879303,0.9041019678115845,-151.6581573486328,25.599153518676758,-1.3243987560272217,1,6.586794853210449,-19.475414276123047,580.0181274414062,0.485844224691391,0.5484216213226318,0.2973993718624115,1,-52.83130645751953,-22.292285919189453,580.943359375,0.625432550907135,0.5546844601631165,0.3045898377895355,601988390893,2844869038
1,2.2721099853515625,1,2.4527587890625,1,0.07340631633996964,0.8572177886962891,-145.9901123046875,34.14530944824219,1.786110281944275,1,0.0569702684879303,0.9041019678115845,-151.6581573486328,25.599153518676758,-1.3243987560272217,1,6.586794853210449,-19.475414276123047,580.0181274414062,0.485844224691391,0.5484216213226318,0.2973993718624115,1,-52.83130645751953,-22.292285919189453,580.943359375,0.625432550907135,0.5546844601631165,0.3045898377895355,601988390893,2844869038
1,2.2721099853515625,1,2.4527587890625,1,0.07340631633996964,0.8572177886962891,-145.9901123046875,34.14530944824219,1.786110281944275,1,0.0569702684879303,0.9041019678115845,-151.6581573486328,25.599153518676758,-1.3243987560272217,1,6.586794853210449,-19.475414276123047,580.0181274414062,0.485844224691391,0.5484216213226318,0.2973993718624115,1,-52.83130645751953,-22.292285919189453,580.943359375,0.625432550907135,0.5546844601631165,0.3045898377895355,601988390893,2844869038
1,2.2721099853515625,1,2.4527587890625,1,0.07340631633996964,0.8572177886962891,-145.9901123046875,34.14530944824219,1.786110281944275,1,0.0569702684879303,0.9041019678115845,-151.6581573486328,25.599153518676758,-1.3243987560272217,1,6.586794853210449,-19.475414276123047,580.0181274414062,0.485844224691391,0.5484216213226318,0.2973993718624115,1,-52.83130645751953,-22.292285919189453,580.943359375,0.625432550907135,0.5546844601631165,0.3045898377895355,601988390893,2844869038
1,2.2665252685546875,1,2.4926910400390625,1,0.06129863113164902,0.8717670440673828,-150.16551208496094,31.49323272705078,0.8208081126213074,1,0.05955858901143074,0.8781729340553284,-150.76556396484375,30.32555389404297,0.395855575799942,1,6.567405700683594,-19.463943481445312,580.0928955078125,0.485892117023468,0.5483925342559814,0.2975611090660095,1,-52.835594177246094,-22.282529830932617,580.9052734375,0.6254518032073975,0.5546637773513794,0.304507851600647,601988399226,2844877371
1,2.2665252685546875,1,2.4926910400390625,1,0.06129863113164902,0.8717670440673828,-150.16551208496094,31.49323272705078,0.8208081126213074,1,0.05955858901143074,0.8781729340553284,-150.76556396484375,30.32555389404297,0.395855575799942,1,6.567405700683594,-19.463943481445312,580.0928955078125,0.485892117023468,0.5483925342559814,0.2975611090660095,1,-52.835594177246094,-22.282529830932617,580.9052734375,0.6254518032073975,0.5546637773513794,0.304507851600647,601988399226,2844877371
1,2.2665252685546875,1,2.4926910400390625,1,0.06129863113164902,0.8717670440673828,-150.16551208496094,31.49323272705078,0.8208081126213074,1,0.05955858901143074,0.8781729340553284,-150.76556396484375,30.32555389404297,0.395855575799942,1,6.567405700683594,-19.463943481445312,580.0928955078125,0.485892117023468,0.5483925342559814,0.2975611090660095,1,-52.835594177246094,-22.282529830932617,580.9052734375,0.6254518032073975,0.5546637773513794,0.304507851600647,601988399226,2844877371
1,2.2665252685546875,1,2.4926910400390625,1,0.06129863113164902,0.8717670440673828,-150.16551208496094,31.49323272705078,0.8208081126213074,1,0.05955858901143074,0.8781729340553284,-150.76556396484375,30.32555389404297,0.395855575799942,1,6.567405700683594,-19.463943481445312,580.0928955078125,0.485892117023468,0.5483925342559814,0.2975611090660095,1,-52.835594177246094,-22.282529830932617,580.9052734375,0.6254518032073975,0.5546637773513794,0.304507851600647,601988399226,2844877371
1,2.289093017578125,1,2.44305419921875,1,0.07146333903074265,0.8702015280723572,-146.66017150878906,31.778593063354492,0.9246999025344849,1,0.051171138882637024,0.8904154896736145,-153.6580047607422,28.093971252441406,-0.41643285751342773,1,6.553929805755615,-19.459735870361328,580.0464477539062,0.4859224557876587,0.5483844876289368,0.29745975136756897,1,-52.84973907470703,-22.279544830322266,580.9314575195312,0.6254785656929016,0.5546557307243347,0.3045671582221985,601988407560,2844885704
1,2.289093017578125,1,2.44305419921875,1,0.07146333903074265,0.8702015280723572,-146.66017150878906,31.778593063354492,0.9246999025344849,1,0.051171138882637024,0.8904154896736145,-153.6580047607422,28.093971252441406,-0.41643285751342773,1,6.553929805755615,-19.459735870361328,580.0464477539062,0.4859224557876587,0.5483844876289368,0.29745975136756897,1,-52.84973907470703,-22.279544830322266,580.9314575195312,0.6254785656929016,0.5546557307243347,0.3045671582221985,601988407560,2844885704
1,2.289093017578125,1,2.44305419921875,1,0.07146333903074265,0.8702015280723572,-146.66017150878906,31.778593063354492,0.9246999025344849,1,0.051171138882637024,0.8904154896736145,-153.6580047607422,28.093971252441406,-0.41643285751342773,1,6.553929805755615,-19.459735870361328,580.0464477539062,0.4859224557876587,0.5483844876289368,0.29745975136756897,1,-52.84973907470703,-22.279544830322266,580.9314575195312,0.6254785656929016,0.5546557307243347,0.3045671582221985,601988407560,2844885704
1,2.289093017578125,1,2.44305419921875,1,0.07146333903074265,0.8702015280723572,-146.66017150878906,31.778593063354492,0.9246999025344849,1,0.051171138882637024,0.8904154896736145,-153.6580047607422,28.093971252441406,-0.41643285751342773,1,6.553929805755615,-19.459735870361328,580.0464477539062,0.4859224557876587,0.5483844876289368,0.29745975136756897,1,-52.84973907470703,-22.279544830322266,580.9314575195312,0.6254785656929016,0.5546557307243347,0.3045671582221985,601988407560,2844885704
1,2.298492431640625,1,2.4600372314453125,1,0.06794093549251556,0.8624904751777649,-147.87489318847656,33.184207916259766,1.4362720251083374,1,0.05603266879916191,0.8989039659500122,-151.98150634765625,26.54667854309082,-0.9795845746994019,1,6.549233436584473,-19.445022583007812,580.0462646484375,0.48593345284461975,0.5483505725860596,0.297458678483963,1,-52.86658477783203,-22.26396369934082,580.9380493164062,0.6255162954330444,0.554619550704956,0.30458399653434753,601988415894,2844894038
1,2.298492431640625,1,2.4600372314453125,1,0.06794093549251556,0.8624904751777649,-147.87489318847656,33.184207916259766,1.4362720251083374,1,0.05603266879916191,0.8989039659500122,-151.98150634765625,26.54667854309082,-0.9795845746994019,1,6.549233436584473,-19.445022583007812,580.0462646484375,0.48593345284461975,0.5483505725860596,0.297458678483963,1,-52.86658477783203,-22.26396369934082,580.9380493164062,0.6255162954330444,0.554619550704956,0.30458399653434753,601988415894,2844894038
1,2.298492431640625,1,2.4600372314453125,1,0.06794093549251556,0.8624904751777649,-147.87489318847656,33.184207916259766,1.4362720251083374,1,0.05603266879916191,0.8989039659500122,-151.98150634765625,26.54667854309082,-0.9795845746994019,1,6.549233436584473,-19.445022583007812,580.0462646484375,0.48593345284461975,0.5483505725860596,0.297458678483963,1,-52.86658477783203,-22.26396369934082,580.9380493164062,0.6255162954330444,0.554619550704956,0.30458399653434753,601988415894,2844894038
1,2.298492431640625,1,2.4600372314453125,1,0.06794093549251556,0.8624904751777649,-147.87489318847656,33.184207916259766,1.4362720251083374,1,0.05603266879916191,0.8989039659500122,-151.98150634765625,26.54667854309082,-0.9795845746994019,1,6.549233436584473,-19.445022583007812,580.0462646484375,0.48593345284461975,0.5483505725860596,0.297458678483963,1,-52.86658477783203,-22.26396369934082,580.9380493164062,0.6255162954330444,0.554619550704956,0.30458399653434753,601988415894,2844894038
1,2.2884368896484375,1,2.47418212890625,1,0.06499359011650085,0.8658323287963867,-148.8912811279297,32.57503890991211,1.2145823240280151,1,0.05820668861269951,0.8958150744438171,-151.23178100585938,27.10970687866211,-0.7746406197547913,1,6.543818473815918,-19.44292640686035,580.0650634765625,0.48594677448272705,0.5483450293540955,0.29749926924705505,1,-52.870574951171875,-22.264122009277344,580.9183349609375,0.625530481338501,0.5546208024024963,0.30454221367836,601988424227,2844902371
1,2.2884368896484375,1,2.47418212890625,1,0.06499359011650085,0.8658323287963867,-148.8912811279297,32.57503890991211,1.2145823240280151,1,0.05820668861269951,0.8958150744438171,-151.23178100585938,27.10970687866211,-0.7746406197547913,1,6.543818473815918,-19.44292640686035,580.0650634765625,0.48594677448272705,0.5483450293540955,0.29749926924705505,1,-52.870574951171875,-22.264122009277344,580.9183349609375,0.625530481338501,0.5546208024024963,0.30454221367836,601988424227,2844902371
1,2.2884368896484375,1,2.47418212890625,1,0.06499359011650085,0.8658323287963867,-148.8912811279297,32.57503890991211,1.2145823240280151,1,0.05820668861269951,0.8958150744438171,-151.23178100585938,27.10970687866211,-0.7746406197547913,1,6.543818473815918,-19.44292640686035,580.0650634765625,0.48594677448272705,0.5483450293540955,0.29749926924705505,1,-52.870574951171875,-22.264122009277344,580.9183349609375,0.625530481338501,0.5546208024024963,0.30454221367836,601988424227,2844902371
1,2.2884368896484375,1,2.47418212890625,1,0.06499359011650085,0.8658323287963867,-148.8912811279297,32.57503890991211,1.2145823240280151,1,0.05820668861269951,0.8958150744438171,-151.23178100585938,27.10970687866211,-0.7746406197547913,1,6.543818473815918,-19.44292640686035,580.0650634765625,0.48594677448272705,0.5483450293540955,0.29749926924705505,1,-52.870574951171875,-22.264122009277344,580.9183349609375,0.625530481338501,0.5546208024024963,0.30454221367836,601988424227,2844902371
1,2.2978515625,1,2.46380615234375,1,0.08011796325445175,0.8744767308235168,-143.6755828857422,30.99930763244629,0.6410633325576782,1,0.05641401559114456,0.8967553973197937,-151.84999084472656,26.93832778930664,-0.8370641469955444,1,6.53862190246582,-19.443767547607422,580.0556030273438,0.4859587252140045,0.5483472943305969,0.29747870564460754,1,-52.877559661865234,-22.264305114746094,580.9269409179688,0.6255447268486023,0.5546207427978516,0.30456212162971497,601988432560,2844910704
1,2.2978515625,1,2.46380615234375,1,0.08011796325445175,0.8744767308235168,-143.6755828857422,30.99930763244629,0.6410633325576782,1,0.05641401559114456,0.8967553973197937,-151.84999084472656,26.93832778930664,-0.8370641469955444,1,6.53862190246582,-19.443767547607422,580.0556030273438,0.4859587252140045,0.5483472943305969,0.29747870564460754,1,-52.877559661865234,-22.264305114746094,580.9269409179688,0.6255447268486023,0.5546207427978516,0.30456212162971497,601988432560,2844910704
1,2.2978515625,1,2.46380615234375,1,0.08011796325445175,0.8744767308235168,-143.6755828857422,30.99930763244629,0.6410633325576782,1,0.05641401559114456,0.8967553973197937,-151.84999084472656,26.93832778930664,-0.8370641469955444,1,6.53862190246582,-19.443767547607422,580.0556030273438,0.4859587252140045,0.5483472943305969,0.29747870564460754,1,-52.877559661865234,-22.264305114746094,580.9269409179688,0.6255447268486023,0.5546207427978516,0.30456212162971497,601988432560,2844910704
1,2.2978515625,1,2.46380615234375,1,0.08011796325445175,0.8744767308235168,-143.6755828857422,30.99930763244629,0.6410633325576782,1,0.05641401559114456,0.8967553973197937,-151.84999084472656,26.93832778930664,-0.8370641469955444,1,6.53862190246582,-19.443767547607422,580.0556030273438,0.4859587252140045,0.5483472943305969,0.29747870564460754,1,-52.877559661865234,-22.264305114746094,580.9269409179688,0.6255447268486023,0.5546207427978516,0.30456212162971497,601988432560,2844910704
1,2.2888641357421875,1,2.4266357421875,1,0.06830547004938126,0.8531703948974609,-147.74916076660156,34.88309097290039,2.05456805229187,1,0.05981730297207832,0.8967704176902771,-150.67636108398438,26.93559455871582,-0.8380715847015381,1,6.53643798828125,-19.431297302246094,580.0554809570312,0.4859638512134552,0.5483185648918152,0.29747793078422546,1,-52.88966369628906,-22.259265899658203,580.962890625,0.6255643367767334,0.5546075701713562,0.30464211106300354,601988440894,2844919038
