ProductId,Visited,LeftGazePointX,LeftGazePointY,LeftGazePointValidity,RightGazePointX,RightGazePointY,RightGazePointValidity,Timestamp
0,0,nan,nan,0,nan,nan,0,2104195114
0,0,nan,nan,0,nan,nan,0,2104203447
0,0,nan,nan,0,nan,nan,0,2104211780
0,0,nan,nan,0,nan,nan,0,2104220113
0,0,nan,nan,0,nan,nan,0,2104228446
0,0,nan,nan,0,nan,nan,0,2104236780
0,0,nan,nan,0,nan,nan,0,2104245113
0,0,nan,nan,0,nan,nan,0,2104253447
0,0,nan,nan,0,nan,nan,0,2104261780
0,0,nan,nan,0,nan,nan,0,2104270183
0,0,0.5219857692718506,0.4801507294178009,1,0.5152614712715149,0.48005571961402893,1,2104278586
0,0,0.5188677310943604,0.48197561502456665,1,0.5155311822891235,0.4754740595817566,1,2104286919
0,0,0.5156590938568115,0.4806985855102539,1,0.5107859969139099,0.48087573051452637,1,2104295252
0,0,0.5185073018074036,0.48151472210884094,1,0.5126016139984131,0.4820396900177002,1,2104303585
0,0,nan,nan,0,nan,nan,0,2104311918
0,0,nan,nan,0,nan,nan,0,2104320251
0,0,nan,nan,0,nan,nan,0,2104328585
0,0,nan,nan,0,nan,nan,0,2104336918
0,0,0.5151025652885437,0.4725557267665863,1,0.5101814866065979,0.4940563142299652,1,2104345251
0,0,0.5171791911125183,0.4840894639492035,1,0.5127876996994019,0.468449205160141,1,2104353584
0,0,0.513027548789978,0.4771372377872467,1,0.5076936483383179,0.4739982783794403,1,2104361926
0,0,0.5208214521408081,0.4808581471443176,1,0.5122069120407104,0.4714480936527252,1,2104370260
0,0,0.5197534561157227,0.4622633755207062,1,0.510696291923523,0.47572535276412964,1,2104378594
0,0,0.517920970916748,0.48679274320602417,1,0.5073769688606262,0.4832864999771118,1,2104386931
0,0,0.5116092562675476,0.4661322832107544,1,0.5114299058914185,0.4799140393733978,1,2104395264
0,0,0.5193820595741272,0.47851821780204773,1,0.5150616765022278,0.47292760014533997,1,2104403597
0,0,0.5159742832183838,0.47529226541519165,1,0.5104596018791199,0.48621830344200134,1,2104411931
0,0,0.5135407447814941,0.4794624447822571,1,0.5094804763793945,0.4888133108615875,1,2104420264
0,0,0.5166594982147217,0.47331711649894714,1,0.5123319625854492,0.48191800713539124,1,2104428597
0,0,0.5179197192192078,0.47458451986312866,1,0.5091987252235413,0.4894115924835205,1,2104436931
0,0,0.5174216032028198,0.4663737714290619,1,0.5147892832756042,0.49026918411254883,1,2104445264
0,0,0.5227480530738831,0.4791966676712036,1,0.5089548826217651,0.4890840947628021,1,2104453597
0,0,0.5044296979904175,0.4846816956996918,1,0.4922347366809845,0.48103076219558716,1,2104461931
0,0,0.4728234112262726,0.4835668206214905,1,0.47697022557258606,0.4854337275028229,1,2104470264
0,0,0.483876496553421,0.48105764389038086,1,0.4821343719959259,0.4785882234573364,1,2104478597
0,0,0.4938087463378906,0.47961029410362244,1,0.48913905024528503,0.4828290343284607,1,2104486931
0,0,0.49282658100128174,0.4979930520057678,1,0.48640385270118713,0.4916765093803406,1,2104495264
0,0,0.4978005588054657,0.4758950471878052,1,0.4856123924255371,0.4945661425590515,1,2104503597
0,0,0.4961647391319275,0.4845949113368988,1,0.4873293936252594,0.4975138306617737,1,2104511931
0,0,0.5012339949607849,0.4851186275482178,1,0.5067310333251953,0.4986215829849243,1,2104520265
0,0,0.5245872735977173,0.48319682478904724,1,0.5221948623657227,0.4827589988708496,1,2104528598
0,0,0.5095798969268799,0.4839252829551697,1,0.5000731945037842,0.4855092763900757,1,2104536931
0,0,0.5102564692497253,0.46448153257369995,1,0.5057141184806824,0.48108890652656555,1,2104545265
0,0,0.5129140615463257,0.48834559321403503,1,0.5130505561828613,0.48607882857322693,1,2104553598
0,0,0.517503023147583,0.4723457098007202,1,0.505462646484375,0.48555368185043335,1,2104561931
0,0,0.5140983462333679,0.47161659598350525,1,0.5089114904403687,0.4847961366176605,1,2104570265
0,0,0.5151847004890442,0.4721188545227051,1,0.510037899017334,0.4786994457244873,1,2104578598
0,0,0.5146714448928833,0.48050081729888916,1,0.5076414942741394,0.47615692019462585,1,2104586932
0,0,0.5147199034690857,0.47830474376678467,1,0.5083776116371155,0.47726207971572876,1,2104595265
0,0,0.51592618227005,0.47409579157829285,1,0.5075905919075012,0.47365108132362366,1,2104603598
0,0,0.5104024410247803,0.4641319811344147,1,0.5072408318519592,0.47271132469177246,1,2104611932
0,0,0.518679678440094,0.4659403860569,1,0.5094258189201355,0.4809667468070984,1,2104620265
0,0,0.5110511779785156,0.48051363229751587,1,0.5075653791427612,0.4749034643173218,1,2104628598
0,0,0.5127913355827332,0.4732927978038788,1,0.5079583525657654,0.46820467710494995,1,2104636931
0,0,0.5127053260803223,0.477030873298645,1,0.5115624666213989,0.4837525486946106,1,2104645267
0,0,0.5145294666290283,0.49444541335105896,1,0.5119957327842712,0.47585329413414,1,2104653601
0,0,0.5123660564422607,0.4790372848510742,1,0.5091227293014526,0.4740683436393738,1,2104661934
0,0,0.5149579048156738,0.479571133852005,1,0.5094058513641357,0.4654780924320221,1,2104670267
0,0,0.5161033868789673,0.4765147864818573,1,0.511505126953125,0.4784384071826935,1,2104678601
0,0,0.5186962485313416,0.47068995237350464,1,0.5067107677459717,0.473044216632843,1,2104686935
0,0,0.5143317580223083,0.4625236988067627,1,0.5093898177146912,0.46833717823028564,1,2104695268
0,0,0.5126386880874634,0.45723408460617065,1,0.5144304037094116,0.4746566414833069,1,2104703601
0,0,0.5144791007041931,0.46385014057159424,1,0.506154477596283,0.4623369574546814,1,2104711935
0,0,0.512351930141449,0.46744731068611145,1,0.5138940215110779,0.46827614307403564,1,2104720265
0,0,0.5092445611953735,0.4772961139678955,1,0.5125468373298645,0.4791671931743622,1,2104728601
0,0,0.514002799987793,0.4786641597747803,1,0.509039044380188,0.4718394875526428,1,2104736932
0,0,0.5129875540733337,0.4756872057914734,1,0.5085304379463196,0.4760010838508606,1,2104745265
0,0,0.5121058821678162,0.46717569231987,1,0.5088974833488464,0.47336670756340027,1,2104753599
0,0,0.5116155743598938,0.481482595205307,1,0.5117331743240356,0.4794624149799347,1,2104761933
0,0,0.5161077976226807,0.4911864995956421,1,0.5068663954734802,0.489923357963562,1,2104770268
0,0,0.5152400135993958,0.46845704317092896,1,0.5025180578231812,0.5321760177612305,1,2104778605
0,0,0.4810057282447815,0.7320630550384521,1,0.4185318052768707,0.8531927466392517,1,2104786939
0,0,nan,nan,0,nan,nan,0,2104795272
0,0,nan,nan,0,nan,nan,0,2104803605
0,0,nan,nan,0,nan,nan,0,2104811939
0,0,nan,nan,0,nan,nan,0,2104820271
0,0,nan,nan,0,nan,nan,0,2104828605
0,0,nan,nan,0,nan,nan,0,2104836939
0,0,nan,nan,0,nan,nan,0,2104845271
0,0,nan,nan,0,nan,nan,0,2104853605
0,0,nan,nan,0,nan,nan,0,2104861938
0,0,nan,nan,0,0.4479427933692932,1.1265203952789307,1,2104870271
0,0,nan,nan,0,nan,nan,0,2104878605
0,0,0.5043563842773438,0.6142018437385559,1,nan,nan,0,2104886939
0,0,0.5039600133895874,0.491809606552124,1,nan,nan,0,2104895272
0,0,0.5037495493888855,0.4289766252040863,1,0.4927457869052887,0.5980755686759949,1,2104903605
0,0,0.5111960172653198,0.4361549913883209,1,0.4953060746192932,0.5342502593994141,1,2104911942
0,0,0.5060341358184814,0.4573635756969452,1,0.4911040961742401,0.4875561594963074,1,2104920275
0,0,0.5059446096420288,0.4591045081615448,1,0.4985870122909546,0.44056543707847595,1,2104928608
0,0,0.5036856532096863,0.461043119430542,1,0.4905521273612976,0.4153614342212677,1,2104936941
0,0,0.5048119425773621,0.4664915204048157,1,0.5008599162101746,0.40397515892982483,1,2104945275
0,0,0.5055083632469177,0.4582971930503845,1,0.49489444494247437,0.4485069811344147,1,2104953606
0,0,0.5123600959777832,0.4673568606376648,1,0.4974732995033264,0.4766734838485718,1,2104961939
0,0,0.5005801320075989,0.45252180099487305,1,0.49946433305740356,0.46817344427108765,1,2104970273
0,0,0.5040811896324158,0.45688265562057495,1,0.5099412202835083,0.4744875729084015,1,2104978606
0,0,0.5104246735572815,0.46147239208221436,1,0.5026349425315857,0.4790462255477905,1,2104986941
0,0,0.5056352615356445,0.44623687863349915,1,0.4940382242202759,0.47071757912635803,1,2104995275
0,0,0.5057766437530518,0.4500797986984253,1,0.497406005859375,0.47022444009780884,1,2105003608
0,0,0.5092552304267883,0.46061545610427856,1,0.491933673620224,0.47481346130371094,1,2105011941
0,0,0.5073212385177612,0.4481830596923828,1,0.4961993396282196,0.46521323919296265,1,2105020275
0,0,0.5021588206291199,0.4501011073589325,1,0.5019524693489075,0.471166729927063,1,2105028606
0,0,0.5053249597549438,0.4482372999191284,1,0.5044217109680176,0.46628841757774353,1,2105036939
0,0,0.5055729150772095,0.45079731941223145,1,0.49805086851119995,0.47864779829978943,1,2105045273
0,0,0.5069540143013,0.45520392060279846,1,0.49769821763038635,0.46674302220344543,1,2105053606
0,0,0.5047823190689087,0.4599064886569977,1,0.5010260939598083,0.4692648947238922,1,2105061939
0,0,0.509469211101532,0.4512324631214142,1,0.5055798888206482,0.4748799800872803,1,2105070273
0,0,0.5108043551445007,0.45788776874542236,1,0.502500593662262,0.4354660212993622,1,2105078606
0,0,0.5107187032699585,0.46224939823150635,1,0.5020910501480103,0.46923109889030457,1,2105086939
0,0,0.5061038732528687,0.4561382234096527,1,0.49979355931282043,0.4676476716995239,1,2105095272
0,0,0.510556161403656,0.4615965783596039,1,0.5083159804344177,0.4711795747280121,1,2105103606
0,0,0.5060946941375732,0.4549635946750641,1,0.5003576874732971,0.4759308099746704,1,2105111939
0,0,0.504997730255127,0.4536389708518982,1,0.4989209473133087,0.47062045335769653,1,2105120273
0,0,0.4829612076282501,0.4641510248184204,1,0.47025394439697266,0.47093409299850464,1,2105128606
0,0,0.4855514466762543,0.4600074291229248,1,0.47069498896598816,0.4726060926914215,1,2105136939
0,0,0.48882463574409485,0.46923932433128357,1,0.4860411584377289,0.466222882270813,1,2105145273
0,0,0.48914170265197754,0.46793437004089355,1,0.4739132821559906,0.47217318415641785,1,2105153606
0,0,0.49013811349868774,0.46152862906455994,1,0.47130680084228516,0.4661490321159363,1,2105161939
0,0,0.4855368733406067,0.4613547623157501,1,0.4833773970603943,0.4728393256664276,1,2105170280
0,0,0.4788047969341278,0.46022817492485046,1,0.47643449902534485,0.47327443957328796,1,2105178613
0,0,0.4815206527709961,0.45124855637550354,1,0.47784513235092163,0.47317513823509216,1,2105186948
0,0,0.4814802408218384,0.45448037981987,1,0.4777551591396332,0.4651617705821991,1,2105195282
0,0,0.4829970896244049,0.4596259891986847,1,0.4808683693408966,0.45853692293167114,1,2105203615
0,0,0.4910508096218109,0.45550084114074707,1,0.4772401750087738,0.4690428674221039,1,2105211948
0,0,0.4935320317745209,0.468048095703125,1,0.4721947908401489,0.47095179557800293,1,2105220281
0,0,0.49004030227661133,0.4632435441017151,1,0.47775179147720337,0.4669822156429291,1,2105228615
0,0,0.48655813932418823,0.46236300468444824,1,0.47893795371055603,0.4679428040981293,1,2105236948
0,0,0.49199801683425903,0.4551236033439636,1,0.47994470596313477,0.4646546542644501,1,2105245281
0,0,0.4850943982601166,0.4599945843219757,1,0.4791305363178253,0.4722001254558563,1,2105253614
0,0,0.48347723484039307,0.45918920636177063,1,0.4790835380554199,0.4753800928592682,1,2105261948
0,0,0.48958685994148254,0.4514802396297455,1,0.479812890291214,0.45966291427612305,1,2105270281
0,0,0.4895777106285095,0.469529390335083,1,0.4803128242492676,0.47704389691352844,1,2105278614
0,0,0.4842972457408905,0.4667677879333496,1,0.47778576612472534,0.47583839297294617,1,2105286948
0,0,0.48548924922943115,0.47305214405059814,1,0.4770830571651459,0.46789059042930603,1,2105295281
0,0,0.48682382702827454,0.454738974571228,1,0.4797874093055725,0.47639793157577515,1,2105303615
0,0,0.4890352785587311,0.45893239974975586,1,0.48198285698890686,0.46367359161376953,1,2105311949
0,0,0.4888826906681061,0.47188037633895874,1,0.479166716337204,0.4727201759815216,1,2105320282
0,0,0.484770268201828,0.4633926451206207,1,0.47852563858032227,0.46979719400405884,1,2105328615
0,0,0.48385122418403625,0.47728583216667175,1,0.48125457763671875,0.4728701412677765,1,2105336949
0,0,0.4890361726284027,0.4600316882133484,1,0.4831063747406006,0.4668024778366089,1,2105345282
0,0,0.4808487892150879,0.4552811086177826,1,0.48518210649490356,0.47288140654563904,1,2105353614
0,0,0.48504766821861267,0.4621294438838959,1,0.4830307066440582,0.4754873216152191,1,2105361947
0,0,0.4829382002353668,0.45978206396102905,1,0.4847349524497986,0.47069796919822693,1,2105370282
0,0,0.48455628752708435,0.453519344329834,1,0.48405542969703674,0.4709346294403076,1,2105378615
0,0,0.48567652702331543,0.46570831537246704,1,0.48718106746673584,0.4686025381088257,1,2105386949
0,0,0.48896491527557373,0.4580320119857788,1,0.4840911030769348,0.46571171283721924,1,2105395283
0,0,0.49117544293403625,0.4679698348045349,1,0.4824276864528656,0.45553988218307495,1,2105403615
0,0,0.4855397343635559,0.45354264974594116,1,0.4857020974159241,0.46708279848098755,1,2105411949
0,0,0.4877315163612366,0.4733375012874603,1,0.4820585250854492,0.4651411771774292,1,2105420282
0,0,0.48392292857170105,0.4649187922477722,1,0.48523303866386414,0.456295371055603,1,2105428615
0,0,0.4898710250854492,0.4505443274974823,1,0.48090997338294983,0.45868390798568726,1,2105436952
0,0,0.48872265219688416,0.4668644964694977,1,0.480363667011261,0.4665956199169159,1,2105445285
0,0,0.48843932151794434,0.4581535756587982,1,0.4791524112224579,0.4649818539619446,1,2105453619
0,0,0.4859926104545593,0.47291484475135803,1,0.48149028420448303,0.4699315130710602,1,2105461952
0,0,0.4815051555633545,0.4576302468776703,1,0.4801659882068634,0.4628966450691223,1,2105470285
0,0,0.4812649190425873,0.45964688062667847,1,0.4768174886703491,0.4522196352481842,1,2105478619
0,0,0.48571085929870605,0.46318790316581726,1,0.4776165783405304,0.46177366375923157,1,2105486952
0,0,0.48152342438697815,0.47777700424194336,1,0.48003727197647095,0.4623521864414215,1,2105495285
0,0,0.48931047320365906,0.4572334289550781,1,0.4799049496650696,0.4559606909751892,1,2105503618
0,0,0.48633331060409546,0.4518923759460449,1,0.47564080357551575,0.46474823355674744,1,2105511952
0,0,0.4838993549346924,0.46016964316368103,1,0.4891062378883362,0.4711397588253021,1,2105520285
0,0,0.4877735674381256,0.45757248997688293,1,0.4803295433521271,0.45697396993637085,1,2105528618
0,0,0.48628130555152893,0.45861124992370605,1,0.47666892409324646,0.45867303013801575,1,2105536952
0,0,0.490508109331131,0.46199360489845276,1,0.4837055206298828,0.46651503443717957,1,2105545285
0,0,0.48390454053878784,0.4425715506076813,1,0.48063549399375916,0.4689209461212158,1,2105553618
0,0,0.4842582941055298,0.44622868299484253,1,0.4770837128162384,0.4768553674221039,1,2105561953
0,0,0.485032856464386,0.4626556634902954,1,0.47836750745773315,0.4515480697154999,1,2105570286
0,0,0.48221731185913086,0.44117844104766846,1,0.48428288102149963,0.4562098979949951,1,2105578620
0,0,0.48586705327033997,0.4614076614379883,1,0.4876450300216675,0.4607493579387665,1,2105586953
0,0,0.4893588125705719,0.46140143275260925,1,0.4777514636516571,0.4673132300376892,1,2105595286
0,0,0.48720231652259827,0.45673665404319763,1,0.49097806215286255,0.4508993923664093,1,2105603620
0,0,0.4806958734989166,0.46847185492515564,1,0.4863475263118744,0.454732209444046,1,2105611953
0,0,0.48421210050582886,0.4617461860179901,1,0.47933629155158997,0.46579882502555847,1,2105620287
0,0,0.48953524231910706,0.46540647745132446,1,0.48809412121772766,0.45335105061531067,1,2105628620
0,0,0.48718902468681335,0.47464990615844727,1,0.4871903657913208,0.46759024262428284,1,2105636953
0,0,0.4902864992618561,0.457940936088562,1,0.48142877221107483,0.46646353602409363,1,2105645286
0,0,0.4866340756416321,0.46085208654403687,1,0.4739271104335785,0.46861523389816284,1,2105653620
0,0,0.48721176385879517,0.46171048283576965,1,0.47850194573402405,0.4659237563610077,1,2105661953
0,0,0.4864185154438019,0.4584360122680664,1,nan,nan,0,2105670286
0,0,0.48501041531562805,0.45350855588912964,1,0.481584370136261,0.4292050004005432,1,2105678620
0,0,0.4887547791004181,0.46573200821876526,1,0.48109230399131775,0.4697929620742798,1,2105686953
0,0,0.4888318181037903,0.4602942168712616,1,0.4781317114830017,0.4696797728538513,1,2105695291
0,0,0.4873203933238983,0.4740084409713745,1,0.4827080965042114,0.45276203751564026,1,2105703625
0,0,0.47932782769203186,0.46779292821884155,1,0.47560083866119385,0.46123021841049194,1,2105711958
0,0,0.48321598768234253,0.46980422735214233,1,0.4887588322162628,0.4550463557243347,1,2105720291
0,0,0.48665136098861694,0.47444072365760803,1,0.48008251190185547,0.4648716449737549,1,2105728624
0,0,0.4788711369037628,0.46137237548828125,1,0.48460471630096436,0.44341278076171875,1,2105736958
0,0,0.4882694482803345,0.45614615082740784,1,0.47951993346214294,0.4542091190814972,1,2105745291
0,0,0.4860623776912689,0.46247562766075134,1,0.4776346683502197,0.4652344882488251,1,2105753625
0,0,0.49177074432373047,0.45806923508644104,1,0.48543116450309753,0.4580143392086029,1,2105761957
0,0,0.4911380112171173,0.4558440148830414,1,0.47411009669303894,0.4719221591949463,1,2105770291
0,0,0.48789066076278687,0.46159860491752625,1,0.4833367168903351,0.4526817798614502,1,2105778625
0,0,0.48664596676826477,0.45259442925453186,1,0.4783506989479065,0.4737321138381958,1,2105786957
0,0,0.48975005745887756,0.46539074182510376,1,0.4865191578865051,0.45033732056617737,1,2105795291
0,0,0.49192366003990173,0.4622369706630707,1,0.4750478267669678,0.45324867963790894,1,2105803624
0,0,0.482463538646698,0.4627734422683716,1,0.48681870102882385,0.46777576208114624,1,2105811957
0,0,0.48184508085250854,0.45211899280548096,1,0.48442715406417847,0.4527130424976349,1,2105820291
0,0,0.4875671863555908,0.46321171522140503,1,nan,nan,0,2105828627
0,0,0.48168298602104187,0.4701288044452667,1,0.4809417426586151,0.4655711054801941,1,2105836961
0,0,0.4859200119972229,0.45776528120040894,1,0.477154403924942,0.47315195202827454,1,2105845294
0,0,0.4876846969127655,0.4748530387878418,1,0.4857017695903778,0.45424214005470276,1,2105853628
0,0,0.4893258213996887,0.473272442817688,1,0.4829183518886566,0.4673515558242798,1,2105861960
0,0,0.49494460225105286,0.4630589783191681,1,0.47559210658073425,0.46345165371894836,1,2105870294
0,0,0.4853764772415161,0.46114382147789,1,0.47931987047195435,0.4656446874141693,1,2105878628
0,0,0.48628079891204834,0.46132829785346985,1,0.4770503044128418,0.45778027176856995,1,2105886961
0,0,0.4846750795841217,0.45841148495674133,1,0.4792511463165283,0.4577425420284271,1,2105895294
0,0,0.48513007164001465,0.4540647864341736,1,0.47938287258148193,0.4642990231513977,1,2105903627
0,0,0.48093488812446594,0.4564996361732483,1,0.47677701711654663,0.46973851323127747,1,2105911961
0,0,0.48772716522216797,0.4579537510871887,1,0.47977331280708313,0.4595748484134674,1,2105920294
0,0,0.48385247588157654,0.47142815589904785,1,0.4844491183757782,0.4564480185508728,1,2105928627
0,0,0.48534560203552246,0.45109671354293823,1,0.48302924633026123,0.43631207942962646,1,2105936961
0,0,0.48939019441604614,0.46909019351005554,1,0.48452430963516235,0.44787219166755676,1,2105945294
0,0,0.4850413501262665,0.4558303654193878,1,0.4797322154045105,0.4627628028392792,1,2105953630
0,0,0.4919227659702301,0.4813523292541504,1,0.47967374324798584,0.47026243805885315,1,2105961964
0,0,0.481611967086792,0.4727795124053955,1,0.4851286709308624,0.4589153528213501,1,2105970297
0,0,0.4895264804363251,0.4607626795768738,1,0.48060107231140137,0.4613072872161865,1,2105978631
0,0,0.48326781392097473,0.45518022775650024,1,0.47799646854400635,0.4635404050350189,1,2105986963
0,0,0.49179351329803467,0.45817288756370544,1,0.4864967167377472,0.46178340911865234,1,2105995297
0,0,0.49301639199256897,0.46610793471336365,1,0.4847607910633087,0.474663645029068,1,2106003622
0,0,0.48589903116226196,0.4677020311355591,1,0.4773944318294525,0.4608359932899475,1,2106011955
0,0,0.48967376351356506,0.47111961245536804,1,0.4791507124900818,0.47214755415916443,1,2106020289
0,0,0.48337703943252563,0.4657507538795471,1,0.4858686923980713,0.46189242601394653,1,2106028621
0,0,0.48246845602989197,0.4738154411315918,1,0.4791419804096222,0.4600885212421417,1,2106036955
0,0,0.4891055226325989,0.4572179913520813,1,0.486520379781723,0.46866026520729065,1,2106045289
0,0,0.4872921109199524,0.47097569704055786,1,0.48452016711235046,0.47500571608543396,1,2106053622
0,0,0.490675151348114,0.46361109614372253,1,0.4840480089187622,0.4661922752857208,1,2106061955
0,0,0.48596057295799255,0.45209842920303345,1,0.482013076543808,0.46861958503723145,1,2106070289
0,0,0.4891042411327362,0.4762381613254547,1,0.4856509566307068,0.4736010730266571,1,2106078622
0,0,0.49682682752609253,0.4647497832775116,1,0.47848063707351685,0.46709340810775757,1,2106086959
0,0,0.48868605494499207,0.462636798620224,1,0.4875915050506592,0.4730735421180725,1,2106095293
0,0,0.48152464628219604,0.46039193868637085,1,0.48799070715904236,0.46898069977760315,1,2106103624
0,0,0.49113982915878296,0.4669246971607208,1,0.48509716987609863,0.4700429439544678,1,2106111958
0,0,0.4869820773601532,0.45582371950149536,1,0.4836157560348511,0.4727405309677124,1,2106120291
0,0,0.49108293652534485,0.4753074645996094,1,0.48640182614326477,0.4669663906097412,1,2106128624
0,0,0.48715898394584656,0.46389123797416687,1,0.48144447803497314,0.46006008982658386,1,2106136958
0,0,0.4898309111595154,0.46015214920043945,1,0.4818866550922394,0.4628653824329376,1,2106145291
0,0,0.49078354239463806,0.46138861775398254,1,0.4841373562812805,0.4598850905895233,1,2106153624
0,0,0.49493318796157837,0.4528284966945648,1,0.476728230714798,0.4713185131549835,1,2106161958
0,0,0.49341830611228943,0.45857661962509155,1,0.48433220386505127,0.4608188271522522,1,2106170291
0,0,0.4944203495979309,0.46919283270835876,1,0.4763537645339966,0.4638736844062805,1,2106178625
0,0,0.4919982850551605,0.46787500381469727,1,0.4841252863407135,0.47086745500564575,1,2106186958
0,0,0.4879688620567322,0.47999000549316406,1,0.47951391339302063,0.4740745723247528,1,2106195291
0,0,0.48491665720939636,0.46473228931427,1,0.4783722162246704,0.46635374426841736,1,2106203624
0,0,0.48727118968963623,0.4627061188220978,1,0.4848906099796295,0.4604030251502991,1,2106211958
0,0,0.4833158552646637,0.46319326758384705,1,0.4831952750682831,0.46038582921028137,1,2106220302
0,0,0.48578473925590515,0.457115113735199,1,0.48272383213043213,0.46926596760749817,1,2106228635
0,0,0.4921535551548004,0.4674505591392517,1,0.4795489013195038,0.4693528711795807,1,2106236968
0,0,0.49001073837280273,0.47963085770606995,1,0.4815964102745056,0.467855840921402,1,2106245301
0,0,0.4902484118938446,0.4618247449398041,1,0.4854704439640045,0.46924707293510437,1,2106253635
0,0,0.48352035880088806,0.46317076683044434,1,0.48171859979629517,0.4745157063007355,1,2106261969
0,0,0.4881499111652374,0.465444415807724,1,0.47670742869377136,0.4706704914569855,1,2106270301
0,0,0.4915192425251007,0.46623462438583374,1,0.4828077554702759,0.4802910089492798,1,2106278635
0,0,0.4851430654525757,0.4644147753715515,1,0.48314982652664185,0.4748217463493347,1,2106286968
0,0,0.48691850900650024,0.46490928530693054,1,0.47801974415779114,0.47141578793525696,1,2106295301
0,0,0.4889751076698303,0.46845531463623047,1,0.48698899149894714,0.4760757088661194,1,2106303635
0,0,0.4900214374065399,0.4670850932598114,1,0.48628661036491394,0.47178831696510315,1,2106311968
0,0,0.4863402843475342,0.4779559075832367,1,0.4776630699634552,0.4711260199546814,1,2106320293
0,0,0.4868468642234802,0.4753742218017578,1,0.48806411027908325,0.4870298504829407,1,2106328627
0,0,0.49067509174346924,0.46312588453292847,1,0.4886476695537567,0.46966108679771423,1,2106336961
0,0,0.49136319756507874,0.4754040241241455,1,0.48041146993637085,0.4764593243598938,1,2106345294
0,0,0.4839886724948883,0.4650765061378479,1,0.4893835186958313,0.46771204471588135,1,2106353630
0,0,0.49252134561538696,0.46428143978118896,1,0.48271194100379944,0.47464969754219055,1,2106361964
0,0,0.48734328150749207,0.46098271012306213,1,0.4833957552909851,0.4754810035228729,1,2106370297
0,0,0.49274104833602905,0.4717516601085663,1,0.4837581217288971,0.46466630697250366,1,2106378630
0,0,0.48545679450035095,0.46390146017074585,1,0.4800635874271393,0.47854703664779663,1,2106386964
0,0,0.48179948329925537,0.4664860963821411,1,0.47804561257362366,0.4760196805000305,1,2106395297
0,0,0.4839528799057007,0.46050453186035156,1,0.48260727524757385,0.46493133902549744,1,2106403630
0,0,0.48465800285339355,0.4727102220058441,1,0.4834982752799988,0.4713002145290375,1,2106411964
0,0,0.48796653747558594,0.4706382155418396,1,0.484889954328537,0.4805578291416168,1,2106420297
0,0,0.49397626519203186,0.46299418807029724,1,0.4880632758140564,0.4703667461872101,1,2106428631
0,0,0.48296037316322327,0.45892849564552307,1,0.4824824631214142,0.47597503662109375,1,2106436963
0,0,0.48542243242263794,0.4704028367996216,1,0.47847968339920044,0.4787885248661041,1,2106445297
0,0,0.4848526418209076,0.4875392019748688,1,0.48520347476005554,0.4715142548084259,1,2106453630
0,0,0.48678234219551086,0.49051910638809204,1,0.4916038513183594,0.48194578289985657,1,2106461963
0,0,0.49542149901390076,0.46650469303131104,1,0.48616737127304077,0.4712720811367035,1,2106470297
0,0,0.4832606017589569,0.4581197202205658,1,0.48138999938964844,0.47213777899742126,1,2106478633
0,0,0.4865911304950714,0.4716547131538391,1,0.4882566034793854,0.4815404713153839,1,2106486966
0,0,0.4860101342201233,0.46996864676475525,1,0.4911787509918213,0.4744170010089874,1,2106495299
0,0,0.48812946677207947,0.4735235571861267,1,0.4797423779964447,0.4701639711856842,1,2106503632
0,0,0.4861821234226227,0.4725954532623291,1,0.4769309461116791,0.48017823696136475,1,2106511966
0,0,0.4827845096588135,0.4785163700580597,1,0.4883398115634918,0.4795279800891876,1,2106520299
0,0,0.48372602462768555,0.4659421741962433,1,0.4823121726512909,0.48414623737335205,1,2106528632
0,0,0.49019837379455566,0.4506832957267761,1,0.4844362735748291,0.4777134358882904,1,2106536966
0,0,0.4849568009376526,0.47216394543647766,1,0.4852842688560486,0.4727083742618561,1,2106545299
0,0,0.48609814047813416,0.4695461392402649,1,0.48606711626052856,0.4724506735801697,1,2106553632
0,0,0.4833514392375946,0.4616849422454834,1,0.4890301823616028,0.4769412577152252,1,2106561965
0,0,0.4903617799282074,0.4823133945465088,1,0.4871174693107605,0.47657009959220886,1,2106570299
0,0,0.4855760633945465,0.46580764651298523,1,0.48671188950538635,0.4717433452606201,1,2106578632
0,0,0.48805874586105347,0.46653804183006287,1,0.4823300540447235,0.4800938069820404,1,2106586974
0,0,0.4912075698375702,0.46667391061782837,1,0.48554787039756775,0.48762595653533936,1,2106595307
0,0,0.4867047667503357,0.47834545373916626,1,0.4853264391422272,0.49680212140083313,1,2106603641
0,0,0.48906654119491577,0.4719693958759308,1,0.48656508326530457,0.47896453738212585,1,2106611979
0,0,0.4848889708518982,0.4728004038333893,1,0.4860656261444092,0.4877249300479889,1,2106620312
0,0,0.48798373341560364,0.47106844186782837,1,0.4845643639564514,0.4666326940059662,1,2106628646
0,0,0.4942449629306793,0.4702792763710022,1,0.483047753572464,0.4703555107116699,1,2106636979
0,0,0.48932141065597534,0.4661294221878052,1,0.48332375288009644,0.4788529872894287,1,2106645312
0,0,0.49071767926216125,0.4649031460285187,1,0.48473066091537476,0.48715847730636597,1,2106653646
0,0,0.48286157846450806,0.4718925654888153,1,0.4896637201309204,0.47919490933418274,1,2106661979
0,0,0.4919838011264801,0.47791993618011475,1,0.4833419919013977,0.49616724252700806,1,2106670313
0,0,0.48893409967422485,0.48156923055648804,1,0.4931630790233612,0.4872809052467346,1,2106678646
0,0,0.48499664664268494,0.4818330407142639,1,0.49456483125686646,0.4782722592353821,1,2106686979
0,0,0.4839808940887451,0.4769415259361267,1,0.4859045743942261,0.4807519316673279,1,2106695312
0,0,0.4845958352088928,0.47489669919013977,1,0.4834824800491333,0.4857051372528076,1,2106703646
0,0,0.48997434973716736,0.4735426902770996,1,0.49041807651519775,0.4845103621482849,1,2106711979
0,0,0.4937298893928528,0.47481921315193176,1,0.4870951771736145,0.4859788119792938,1,2106720312
0,0,0.4883502423763275,0.46523046493530273,1,0.4854501187801361,0.4756263792514801,1,2106728646
0,0,0.49316081404685974,0.4806111752986908,1,0.48866507411003113,0.48169195652008057,1,2106736979
0,0,0.4892442524433136,0.4847499132156372,1,0.4899684488773346,0.47436752915382385,1,2106745312
0,0,0.492244690656662,0.47405049204826355,1,0.49139004945755005,0.48365262150764465,1,2106753646
0,0,0.48425692319869995,0.47496330738067627,1,0.48716872930526733,0.4786100685596466,1,2106761979
0,0,0.48702719807624817,0.477973997592926,1,0.48821189999580383,0.4823554456233978,1,2106770312
0,0,0.49081480503082275,0.4768553376197815,1,0.4923897683620453,0.4785979390144348,1,2106778645
0,0,0.4889466166496277,0.46752607822418213,1,0.48373720049858093,0.4853721857070923,1,2106786979
0,0,0.48888930678367615,0.46263742446899414,1,0.4866509735584259,0.4825687110424042,1,2106795313
0,0,0.4874746799468994,0.4689534306526184,1,0.48754429817199707,0.47865045070648193,1,2106803645
0,0,0.48921194672584534,0.4684012532234192,1,0.4870912730693817,0.4847085773944855,1,2106811979
0,0,0.4939006268978119,0.4770788848400116,1,0.487857848405838,0.47271353006362915,1,2106820312
0,0,0.4894321858882904,0.4709744155406952,1,0.4820883274078369,0.47677716612815857,1,2106828645
0,0,0.48924490809440613,0.46928343176841736,1,0.48911070823669434,0.4808826148509979,1,2106836979
0,0,0.4865325093269348,0.47888052463531494,1,0.4906049370765686,0.4830794632434845,1,2106845312
0,0,0.4934968054294586,0.47368037700653076,1,0.4872701168060303,0.4820343255996704,1,2106853645
0,0,0.49113455414772034,0.4698871374130249,1,0.4944157302379608,0.4785141348838806,1,2106861979
0,0,0.4890265166759491,0.4560983180999756,1,0.4836582541465759,0.4885009527206421,1,2106870312
0,0,0.4904370605945587,0.4696323871612549,1,0.48887309432029724,0.47938770055770874,1,2106878650
0,0,0.4905768036842346,0.4674820005893707,1,0.48861071467399597,0.48770928382873535,1,2106886984
0,0,0.4928831458091736,0.4778091609477997,1,0.48655056953430176,0.4727586507797241,1,2106895317
0,0,0.48908019065856934,0.48457929491996765,1,0.4859037697315216,0.4803662896156311,1,2106903650
0,0,0.4899482727050781,0.47084981203079224,1,0.48358917236328125,0.47206321358680725,1,2106911982
0,0,0.4905872344970703,0.4810526371002197,1,0.4882405698299408,0.47988995909690857,1,2106920315
0,0,0.4894185960292816,0.47616493701934814,1,0.48385024070739746,0.48789921402931213,1,2106928648
0,0,0.48865360021591187,0.47864216566085815,1,0.49152761697769165,0.4682087004184723,1,2106936982
0,0,0.48958921432495117,0.47806474566459656,1,0.48145556449890137,0.47826558351516724,1,2106945315
0,0,0.48922258615493774,0.46212926506996155,1,0.4888383746147156,0.48541152477264404,1,2106953648
0,0,0.4907490611076355,0.4739142656326294,1,0.49289223551750183,0.4702490568161011,1,2106961982
0,0,0.49549469351768494,0.4685855507850647,1,0.48824384808540344,0.48596787452697754,1,2106970315
0,0,0.49008646607398987,0.4780247211456299,1,0.4835836589336395,0.4805455207824707,1,2106978648
0,0,0.4927286207675934,0.47713059186935425,1,0.4930803179740906,0.47394898533821106,1,2106986982
0,0,0.4936477541923523,0.47618022561073303,1,0.4879078269004822,0.48768776655197144,1,2106995315
0,0,0.48696908354759216,0.46187442541122437,1,0.48455482721328735,0.487825483083725,1,2107003649
0,0,0.49336695671081543,0.46877503395080566,1,0.48600098490715027,0.4849088490009308,1,2107011983
0,0,0.4958110749721527,0.4737587869167328,1,0.4835349917411804,0.49102213978767395,1,2107020316
0,0,0.45364806056022644,0.4662803113460541,1,0.4568682610988617,0.46733349561691284,1,2107028649
0,0,0.3768034875392914,0.4178885817527771,1,0.4007965624332428,0.42369964718818665,1,2107036983
0,0,0.3377279043197632,0.3859964609146118,1,0.3531128168106079,0.4097234010696411,1,2107045316
0,0,0.3029870390892029,0.36104246973991394,1,0.3029293417930603,0.3695327639579773,1,2107053649
0,0,0.306924968957901,0.3798573315143585,1,0.2970254123210907,0.4178735017776489,1,2107061983
0,0,0.31452155113220215,0.3715004622936249,1,0.3092591464519501,0.40967410802841187,1,2107070316
0,0,0.3030717074871063,0.363381564617157,1,0.2991546094417572,0.3920179307460785,1,2107078649
0,0,0.3074725866317749,0.3798171877861023,1,0.2953459918498993,0.38895726203918457,1,2107086983
0,0,0.30771592259407043,0.3750624656677246,1,0.3033439815044403,0.4052680730819702,1,2107095316
0,0,0.3074834942817688,0.3701000511646271,1,0.292095810174942,0.3794690668582916,1,2107103649
0,0,0.3043980896472931,0.36157870292663574,1,0.2976524531841278,0.3914179801940918,1,2107111983
0,0,0.3099589943885803,0.3846603035926819,1,0.29919853806495667,0.4081876277923584,1,2107120316
0,0,0.3059777319431305,0.3796635866165161,1,0.30394411087036133,0.4015819728374481,1,2107128649
0,0,0.31165412068367004,0.38319480419158936,1,0.2955526113510132,0.39941561222076416,1,2107136986
0,0,0.309591680765152,0.3771127164363861,1,0.2995340824127197,0.4040999114513397,1,2107145319
0,0,0.3042932152748108,0.3465675711631775,1,0.30260607600212097,0.40707165002822876,1,2107153652
0,0,0.31350335478782654,0.380228728055954,1,0.2985231578350067,0.40939587354660034,1,2107161986
0,0,0.3054855763912201,0.3654783070087433,1,0.29390013217926025,0.3844655752182007,1,2107170319
0,0,0.3123435974121094,0.373197466135025,1,0.2956880033016205,0.4088837206363678,1,2107178652
0,0,0.310951828956604,0.3828383684158325,1,0.29584670066833496,0.37860044836997986,1,2107186986
0,0,0.30741894245147705,0.36929938197135925,1,0.29115861654281616,0.3783119022846222,1,2107195319
0,0,0.30877432227134705,0.3536301255226135,1,0.29435205459594727,0.3714447021484375,1,2107203653
0,0,0.3123789429664612,0.37128761410713196,1,0.3028753995895386,0.39960727095603943,1,2107211986
0,0,0.3144351840019226,0.37694403529167175,1,0.2963699698448181,0.4118441045284271,1,2107220319
0,0,0.30937331914901733,0.370479017496109,1,0.30160588026046753,0.39644908905029297,1,2107228652
0,0,0.31141263246536255,0.367331862449646,1,0.2954045832157135,0.37796932458877563,1,2107236985
0,0,0.31163838505744934,0.3822503089904785,1,0.29849255084991455,0.38453617691993713,1,2107245319
0,0,0.3081126809120178,0.3712032437324524,1,0.3060520589351654,0.39275580644607544,1,2107253652
0,0,0.3101176917552948,0.3630024194717407,1,0.29063770174980164,0.4072819948196411,1,2107261986
0,0,0.30906009674072266,0.3791252672672272,1,0.30057838559150696,0.3759269118309021,1,2107270322
0,0,0.31513023376464844,0.37062594294548035,1,0.2951824963092804,0.36240655183792114,1,2107278656
0,0,0.3080659806728363,0.36119040846824646,1,0.29884517192840576,0.3948417603969574,1,2107286989
0,0,0.3012954592704773,0.3747961223125458,1,0.30430281162261963,0.3979215621948242,1,2107295322
0,0,0.31311658024787903,0.3770245909690857,1,0.2957954704761505,0.4032980799674988,1,2107303657
0,0,0.3088926672935486,0.3658062219619751,1,0.30024662613868713,0.4017285108566284,1,2107311988
0,0,0.3074626326560974,0.3565410375595093,1,0.3064899146556854,0.41057369112968445,1,2107320322
0,0,0.3099031150341034,0.3681195378303528,1,0.29402679204940796,0.36879676580429077,1,2107328656
0,0,0.3082183599472046,0.371909499168396,1,0.2967143952846527,0.39626091718673706,1,2107336988
0,0,0.3075544238090515,0.37478694319725037,1,0.29419612884521484,0.40188127756118774,1,2107345322
0,0,0.30876412987709045,0.37710705399513245,1,0.2959769070148468,0.4046178460121155,1,2107353657
0,0,0.30931055545806885,0.38276049494743347,1,0.29343488812446594,0.40677547454833984,1,2107361991
0,0,0.3063783347606659,0.3780025541782379,1,0.2930205166339874,0.3853801190853119,1,2107370324
0,0,0.311223566532135,0.36336931586265564,1,0.2977047264575958,0.37087705731391907,1,2107378657
0,0,0.313877671957016,0.3769717216491699,1,0.2961386442184448,0.40272632241249084,1,2107386991
0,0,0.313886821269989,0.38163572549819946,1,0.29544883966445923,0.3909766674041748,1,2107395327
0,0,0.30904796719551086,0.37754374742507935,1,0.29972609877586365,0.3878138065338135,1,2107403661
0,0,0.31283631920814514,0.3729778528213501,1,0.30185097455978394,0.3964632749557495,1,2107411994
0,0,0.30622974038124084,0.3590921461582184,1,0.2996412217617035,0.39095190167427063,1,2107420327
0,0,0.30710917711257935,0.3503171503543854,1,0.30309155583381653,0.3993872106075287,1,2107428661
0,0,0.31186261773109436,0.38367417454719543,1,0.3012804687023163,0.406467080116272,1,2107436994
0,0,0.3149245083332062,0.3722228407859802,1,0.29554393887519836,0.4089178740978241,1,2107445327
0,0,0.3124467432498932,0.3614324629306793,1,0.2991794943809509,0.3701772093772888,1,2107453660
0,0,0.31400004029273987,0.37647196650505066,1,0.30309784412384033,0.40968793630599976,1,2107461993
0,0,0.315393328666687,0.3777328431606293,1,0.30254513025283813,0.41237837076187134,1,2107470327
0,0,0.306733101606369,0.37406080961227417,1,0.29529568552970886,0.4092809557914734,1,2107478661
0,0,0.307905912399292,0.38121268153190613,1,0.29767802357673645,0.3976247012615204,1,2107486993
0,0,0.3082709014415741,0.3621780574321747,1,0.30271631479263306,0.4131697416305542,1,2107495327
0,0,0.3103288412094116,0.3760530352592468,1,0.2990467846393585,0.3906020224094391,1,2107503659
0,0,0.3104039132595062,0.38057324290275574,1,0.30049988627433777,0.37540799379348755,1,2107511992
0,0,0.3123169541358948,0.3754197657108307,1,0.29305166006088257,0.3604178726673126,1,2107520325
0,0,0.31481024622917175,0.36575281620025635,1,0.2977015972137451,0.407941997051239,1,2107528661
0,0,0.31184449791908264,0.3748343586921692,1,0.2917894721031189,0.36970165371894836,1,2107536994
0,0,0.31418105959892273,0.3877353072166443,1,0.29833826422691345,0.40732789039611816,1,2107545328
0,0,0.31642207503318787,0.37766233086586,1,0.3014999032020569,0.4000505208969116,1,2107553661
0,0,0.3092680871486664,0.36148837208747864,1,0.29658350348472595,0.3969084918498993,1,2107561995
0,0,0.31152600049972534,0.37699151039123535,1,0.30158889293670654,0.4123132824897766,1,2107570328
0,0,0.3138851225376129,0.37691551446914673,1,0.29427585005760193,0.32321301102638245,1,2107578661
0,0,0.3150530755519867,0.382530152797699,1,0.28935810923576355,0.3850086033344269,1,2107586995
0,0,0.31428539752960205,0.3808292746543884,1,0.2962103486061096,0.41224125027656555,1,2107595328
0,0,0.3080541789531708,0.37687718868255615,1,0.29727703332901,0.40596601366996765,1,2107603661
0,0,0.31212905049324036,0.37780529260635376,1,0.3036157786846161,0.4180949926376343,1,2107611994
0,0,0.30636492371559143,0.3682953417301178,1,0.2939642071723938,0.36191532015800476,1,2107620328
0,0,0.30835023522377014,0.36118873953819275,1,0.2988356947898865,0.3926941752433777,1,2107628661
0,0,0.3126683533191681,0.3752976059913635,1,0.30035823583602905,0.36792781949043274,1,2107636995
0,0,0.30771586298942566,0.3614255487918854,1,0.2982282042503357,0.38769611716270447,1,2107645328
0,0,0.3108654320240021,0.3749929666519165,1,0.2977442145347595,0.40578028559684753,1,2107653661
0,0,0.3199779689311981,0.38167011737823486,1,0.3052002787590027,0.3933658003807068,1,2107661996
0,0,0.3124029338359833,0.38574299216270447,1,0.29792067408561707,0.38001638650894165,1,2107670330
0,0,0.3198697566986084,0.37379300594329834,1,0.2997770607471466,0.40533968806266785,1,2107678663
0,0,0.3138744831085205,0.38277849555015564,1,0.30035200715065,0.4044159948825836,1,2107686997
0,0,0.30594879388809204,0.37608852982521057,1,0.30220699310302734,0.405902236700058,1,2107695330
0,0,0.3108706474304199,0.35475727915763855,1,0.30499494075775146,0.3822152614593506,1,2107703663
0,0,0.3069269061088562,0.3520471453666687,1,0.30133700370788574,0.4016804099082947,1,2107711997
0,0,0.3073910176753998,0.35030993819236755,1,0.2993103265762329,0.38489091396331787,1,2107720330
0,0,0.30908724665641785,0.36952218413352966,1,0.30394959449768066,0.40827327966690063,1,2107728663
0,0,0.3175683915615082,0.3842875063419342,1,0.3037673234939575,0.42089658975601196,1,2107736996
0,0,0.3106519877910614,0.37945321202278137,1,0.29797226190567017,0.40351828932762146,1,2107745330
0,0,0.31350207328796387,0.36048242449760437,1,0.3030412793159485,0.389395147562027,1,2107753663
0,0,0.31742820143699646,0.3788641095161438,1,0.30258306860923767,0.367938369512558,1,2107761997
0,0,0.314047634601593,0.3605629801750183,1,0.3024497330188751,0.41058674454689026,1,2107770330
0,0,0.3122292160987854,0.3675365447998047,1,0.29767677187919617,0.3566477298736572,1,2107778663
0,0,0.30833742022514343,0.36142000555992126,1,0.3005651831626892,0.36341217160224915,1,2107786997
0,0,0.31564515829086304,0.39047470688819885,1,0.29873499274253845,0.37454715371131897,1,2107795333
0,0,0.31503862142562866,0.37736940383911133,1,0.3032538890838623,0.41641804575920105,1,2107803666
0,0,0.30762794613838196,0.3750562071800232,1,0.3035352826118469,0.41314247250556946,1,2107812000
0,0,0.316289484500885,0.38152414560317993,1,0.3043520152568817,0.4008946120738983,1,2107820334
0,0,0.3142033517360687,0.3814038038253784,1,0.3019219934940338,0.3980260491371155,1,2107828666
0,0,0.3138488829135895,0.3881699740886688,1,0.3000227212905884,0.4092191755771637,1,2107837002
0,0,0.31445103883743286,0.3770620822906494,1,0.30256569385528564,0.4104711711406708,1,2107845335
0,0,0.3183809518814087,0.3899615705013275,1,0.29973694682121277,0.41165870428085327,1,2107853668
0,0,0.3121560215950012,0.36316341161727905,1,0.300520122051239,0.4138498902320862,1,2107862001
0,0,0.31061819195747375,0.37119460105895996,1,0.29665860533714294,0.37766438722610474,1,2107870335
0,0,0.3101140260696411,0.3898211419582367,1,0.30307281017303467,0.410917192697525,1,2107878668
0,0,0.31390368938446045,0.38480430841445923,1,0.30797523260116577,0.4026010036468506,1,2107887002
0,0,0.30780526995658875,0.3766025900840759,1,0.3060213029384613,0.4113258421421051,1,2107895335
0,0,0.28118205070495605,0.38254380226135254,1,0.28604501485824585,0.41839587688446045,1,2107903668
0,0,0.23844952881336212,0.36483868956565857,1,0.23416019976139069,0.39746153354644775,1,2107912002
0,0,0.20574362576007843,0.36160850524902344,1,0.1994689255952835,0.3785066306591034,1,2107920338
0,0,0.18672798573970795,0.34198877215385437,1,0.18280525505542755,0.3790215253829956,1,2107928671
0,0,0.19888991117477417,0.34211966395378113,1,0.1791873574256897,0.3635304272174835,1,2107937005
0,0,0.19832958281040192,0.3545567989349365,1,0.18986551463603973,0.380560964345932,1,2107945338
0,0,0.19797071814537048,0.3556302785873413,1,0.18051424622535706,0.3896080553531647,1,2107953671
0,0,0.19979794323444366,0.3484947979450226,1,0.18529012799263,0.38831865787506104,1,2107962005
0,0,0.19735629856586456,0.34474343061447144,1,0.18340638279914856,0.38950610160827637,1,2107970338
0,0,0.19738592207431793,0.3508903384208679,1,0.1873984932899475,0.38624072074890137,1,2107978671
0,0,0.19413897395133972,0.3432825803756714,1,0.1744682788848877,0.38323479890823364,1,2107987005
0,0,0.19901050627231598,0.34945982694625854,1,0.1830950528383255,0.38688406348228455,1,2107995338
0,0,0.2022814005613327,0.36262911558151245,1,0.17771805822849274,0.3855154514312744,1,2108003671
0,0,0.19638918340206146,0.34663912653923035,1,0.18267756700515747,0.3960590064525604,1,2108012005
0,0,0.19825375080108643,0.35610899329185486,1,0.18327148258686066,0.3748636543750763,1,2108020337
0,0,0.19839884340763092,0.3492639362812042,1,0.18057206273078918,0.40274959802627563,1,2108028671
0,0,0.20196318626403809,0.3615616261959076,1,0.1799120008945465,0.3876342475414276,1,2108037004
0,0,0.20218691229820251,0.36579665541648865,1,0.1797715127468109,0.38570213317871094,1,2108045338
0,0,0.19121050834655762,0.35050448775291443,1,0.18326987326145172,0.3916911780834198,1,2108053670
0,0,0.1956094354391098,0.3403955101966858,1,0.18002165853977203,0.3822145164012909,1,2108062003
0,0,0.19791406393051147,0.35935190320014954,1,0.18102999031543732,0.37859517335891724,1,2108070337
0,0,0.20114073157310486,0.3426187336444855,1,0.17868009209632874,0.381136029958725,1,2108078670
0,0,0.19827429950237274,0.3590964376926422,1,0.18096047639846802,0.38666972517967224,1,2108087003
0,0,0.195542111992836,0.3551520109176636,1,0.180231511592865,0.3796628415584564,1,2108095337
0,0,0.20177391171455383,0.3498398959636688,1,0.18010230362415314,0.39857688546180725,1,2108103670
0,0,0.19587047398090363,0.3549216687679291,1,0.18326573073863983,0.38191547989845276,1,2108112003
0,0,0.2007499784231186,0.33403661847114563,1,0.18334203958511353,0.3961738049983978,1,2108120336
0,0,0.19177469611167908,0.35377010703086853,1,0.18118835985660553,0.39260098338127136,1,2108128670
0,0,0.19403021037578583,0.3346657454967499,1,0.1815205067396164,0.403892457485199,1,2108137003
0,0,0.19174222648143768,0.33980539441108704,1,0.18459536135196686,0.39314907789230347,1,2108145336
0,0,0.196068674325943,0.3609759211540222,1,0.18240441381931305,0.38921913504600525,1,2108153670
0,0,0.20260058343410492,0.3645631670951843,1,0.1811700016260147,0.3828287720680237,1,2108162003
0,0,0.2032739371061325,0.3579427897930145,1,0.1821180135011673,0.4010540843009949,1,2108170337
0,0,0.18432752788066864,0.3589918315410614,1,0.17703358829021454,0.38244321942329407,1,2108178670
0,0,0.1248750165104866,0.4161340594291687,1,0.10916906595230103,0.43970808386802673,1,2108187008
0,0,0.0692167654633522,0.4899563789367676,1,0.05711643397808075,0.5163021087646484,1,2108195341
0,0,0.07633023709058762,0.5161793828010559,1,0.05915549024939537,0.5601164698600769,1,2108203675
0,0,0.08721662312746048,0.5307784676551819,1,0.06880972534418106,0.5464379191398621,1,2108212008
0,0,0.07340933382511139,0.5149875283241272,1,0.06728038936853409,0.5551276803016663,1,2108220342
0,0,0.07808548212051392,0.516635000705719,1,0.06522752344608307,0.5476172566413879,1,2108228675
0,0,0.07565467059612274,0.5202971696853638,1,0.060474034398794174,0.5610362887382507,1,2108237008
0,0,0.0792093276977539,0.5067787766456604,1,0.06998438388109207,0.5589410066604614,1,2108245341
0,0,0.07828391343355179,0.5265806913375854,1,0.06283094733953476,0.5465705394744873,1,2108253675
0,0,0.07647126913070679,0.5166639089584351,1,0.06570620089769363,0.5600826144218445,1,2108262008
0,0,0.07812739908695221,0.5189167857170105,1,0.06486724317073822,0.5603101849555969,1,2108270342
0,0,0.07955946773290634,0.5158073306083679,1,0.06579472869634628,0.5570588707923889,1,2108278675
0,0,0.07823391258716583,0.5157784819602966,1,0.06269950419664383,0.5508629083633423,1,2108287008
0,0,0.07914206385612488,0.5312343239784241,1,0.05723573639988899,0.5625692009925842,1,2108295341
0,0,0.07896284759044647,0.5301738381385803,1,0.06673412024974823,0.5554788708686829,1,2108303675
0,0,0.07874199002981186,0.5256984829902649,1,0.06079624220728874,0.5562006235122681,1,2108312008
0,0,0.07544410228729248,0.5298648476600647,1,0.0722448080778122,0.5597769021987915,1,2108320344
0,0,0.07919237017631531,0.5175071358680725,1,0.05520562827587128,0.5544520020484924,1,2108328678
0,0,0.08188530802726746,0.5337458848953247,1,0.068315789103508,0.5592862963676453,1,2108337011
0,0,0.08215595781803131,0.5215219855308533,1,0.062024302780628204,0.5584912300109863,1,2108345344
0,0,0.07798418402671814,0.5193920731544495,1,0.056080278009176254,0.5482363700866699,1,2108353678
0,0,0.08420078456401825,0.5313223600387573,1,0.0632462203502655,0.5675709247589111,1,2108362013
0,0,0.08034105598926544,0.5286071300506592,1,0.06333164870738983,0.5536860823631287,1,2108370346
0,0,0.08114615082740784,0.5266237258911133,1,0.06134871393442154,0.5610855221748352,1,2108378679
0,0,0.07913370430469513,0.5195550918579102,1,0.06661362946033478,0.5612674951553345,1,2108387013
0,0,0.08813637495040894,0.5184060335159302,1,0.06530079245567322,0.560349702835083,1,2108395346
0,0,0.08315001428127289,0.5177274942398071,1,0.0598919503390789,0.5602729320526123,1,2108403679
0,0,0.08342716842889786,0.5252068638801575,1,0.06570751219987869,0.5557941198348999,1,2108412013
0,0,0.07923902571201324,0.523110032081604,1,0.06711167842149734,0.5616599321365356,1,2108420346
0,0,0.08000155538320541,0.5206873416900635,1,0.06858886033296585,0.5603947639465332,1,2108428679
0,0,0.0811491310596466,0.5225082039833069,1,0.06312147527933121,0.558443009853363,1,2108437013
0,0,0.07971008867025375,0.5268939733505249,1,0.05485105141997337,0.5702550411224365,1,2108445348
0,0,0.08161608874797821,0.5274797081947327,1,0.061861101537942886,0.556592583656311,1,2108453681
0,0,0.08274348080158234,0.5271828770637512,1,0.06140352413058281,0.5620768070220947,1,2108462015
0,0,0.08432164043188095,0.5356647372245789,1,0.05624483525753021,0.5684205889701843,1,2108470348
0,0,0.08783360570669174,0.5397786498069763,1,0.05855122581124306,0.5644363760948181,1,2108478681
0,0,0.085865318775177,0.5346190929412842,1,0.06519991159439087,0.5665110945701599,1,2108487015
0,0,0.0828821063041687,0.5288225412368774,1,0.06444725394248962,0.5642942786216736,1,2108495348
0,0,0.08424364030361176,0.5361744165420532,1,0.06415527313947678,0.5627511739730835,1,2108503682
0,0,0.07735425978899002,0.5232858061790466,1,0.0654740035533905,0.5628542304039001,1,2108512015
0,0,0.08491873741149902,0.516505241394043,1,0.07120175659656525,0.5559485554695129,1,2108520348
0,0,0.08153950423002243,0.5472419857978821,1,0.06812310218811035,0.581384539604187,1,2108528681
0,0,0.08184478431940079,0.5907770395278931,1,0.06989151239395142,0.6236006021499634,1,2108537015
0,0,0.07925861328840256,0.5923557281494141,1,0.06525035202503204,0.6337164044380188,1,2108545348
0,0,0.08262164145708084,0.5857240557670593,1,0.061593715101480484,0.6220978498458862,1,2108553681
0,0,0.08082794398069382,0.5913015604019165,1,0.05336245894432068,0.6241241097450256,1,2108562015
0,0,0.083662249147892,0.601212739944458,1,0.05660983920097351,0.6380923390388489,1,2108570348
0,0,0.07819158583879471,0.5877330899238586,1,0.05339447408914566,0.6375710964202881,1,2108578685
0,0,0.08245706558227539,0.5953132510185242,1,0.0599200502038002,0.6288843154907227,1,2108587019
0,0,0.08267728239297867,0.589737057685852,1,0.06370639055967331,0.6341469883918762,1,2108595352
0,0,0.08281627297401428,0.5910399556159973,1,0.06696859747171402,0.6410157680511475,1,2108603685
0,0,0.0797012448310852,0.5845359563827515,1,0.06712330877780914,0.6307427287101746,1,2108612019
0,0,0.08315012603998184,0.591851532459259,1,0.06526342779397964,0.6340618133544922,1,2108620352
0,0,0.08079066127538681,0.6007000803947449,1,0.06355641782283783,0.6284682750701904,1,2108628685
0,0,0.07705597579479218,0.5889526009559631,1,0.06936760246753693,0.6303393244743347,1,2108637019
0,0,0.08341965824365616,0.5938701629638672,1,0.06382494419813156,0.6371703147888184,1,2108645352
0,0,0.08731944113969803,0.5867448449134827,1,0.07009943574666977,0.6428341865539551,1,2108653685
0,0,0.08290204405784607,0.5799408555030823,1,0.06762826442718506,0.6369642019271851,1,2108662019
0,0,0.08233758807182312,0.6035727858543396,1,0.06387157738208771,0.6310495138168335,1,2108670352
0,0,0.09109321981668472,0.5962087512016296,1,0.05629129707813263,0.6374199390411377,1,2108678685
0,0,0.07909364253282547,0.583667516708374,1,0.061417579650878906,0.6460288166999817,1,2108687019
0,0,0.08107323199510574,0.5933018922805786,1,0.05697224661707878,0.6378061175346375,1,2108695352
0,0,0.08560533821582794,0.6029866337776184,1,0.05966992676258087,0.6337911486625671,1,2108703685
0,0,0.08051040768623352,0.5986447334289551,1,0.06598223000764847,0.6346797347068787,1,2108712019
0,0,0.08292099833488464,0.5935105681419373,1,0.05732597038149834,0.6433624029159546,1,2108720352
0,0,0.0844239816069603,0.6047819256782532,1,0.06192728877067566,0.6412529349327087,1,2108728685
0,0,0.07759461551904678,0.5913878083229065,1,0.07246251404285431,0.6452550888061523,1,2108737019
0,0,0.08055828511714935,0.5946314334869385,1,0.058126360177993774,0.6308985352516174,1,2108745352
0,0,0.0860462486743927,0.5903010368347168,1,0.060754504054784775,0.6342851519584656,1,2108753685
0,0,0.08230327069759369,0.5890021324157715,1,0.0678989514708519,0.6435950994491577,1,2108762019
0,0,0.08017522841691971,0.5869044065475464,1,0.05919831618666649,0.6358973979949951,1,2108770352
0,0,0.07900752872228622,0.5943518877029419,1,0.06726980209350586,0.6468462944030762,1,2108778685
0,0,0.08563772588968277,0.5923984050750732,1,0.06255561858415604,0.6406790614128113,1,2108787019
0,0,0.08227355778217316,0.5899569988250732,1,0.06663397699594498,0.6346027255058289,1,2108795352
0,0,0.08609133213758469,0.5899295806884766,1,0.06350109726190567,0.6360594630241394,1,2108803685
0,0,0.0764196515083313,0.6016209721565247,1,0.05662940815091133,0.6393218636512756,1,2108812019
0,0,0.08054094761610031,0.602806806564331,1,0.06880003958940506,0.6338173151016235,1,2108820352
0,0,0.08019407838582993,0.5922442674636841,1,0.060101136565208435,0.6454835534095764,1,2108828685
0,0,0.0822584480047226,0.5920159220695496,1,0.06330935657024384,0.6373012065887451,1,2108837019
0,0,0.0814758762717247,0.5961413383483887,1,0.06627634167671204,0.6334267258644104,1,2108845356
0,0,0.08964648097753525,0.5957570672035217,1,0.06680095195770264,0.6372402906417847,1,2108853689
0,0,0.07372439652681351,0.5893807411193848,1,0.06503915041685104,0.6401047706604004,1,2108862023
0,0,0.08048972487449646,0.5863239169120789,1,0.07041489332914352,0.6430965662002563,1,2108870356
0,0,0.07745404541492462,0.5873284935951233,1,0.0663653165102005,0.6428751945495605,1,2108878689
0,0,0.07844390720129013,0.585887610912323,1,0.05984966829419136,0.6449383497238159,1,2108887022
0,0,0.08518601953983307,0.5934202671051025,1,0.06312588602304459,0.6432028412818909,1,2108895356
0,0,0.08975198119878769,0.5892472267150879,1,0.0667315199971199,0.641259491443634,1,2108903689
0,0,0.08395322412252426,0.5953603386878967,1,0.06480684876441956,0.6370856165885925,1,2108912022
0,0,0.07987254112958908,0.5885090827941895,1,0.0616770014166832,0.6360238194465637,1,2108920356
0,0,0.08950186520814896,0.5968090295791626,1,0.06027552857995033,0.638892412185669,1,2108928689
0,0,0.08201924711465836,0.596068263053894,1,0.07204946130514145,0.6452428698539734,1,2108937022
0,0,0.12291453033685684,0.54428631067276,1,0.1282913088798523,0.5865204334259033,1,2108945356
0,0,0.174036905169487,0.4798153340816498,1,0.17700199782848358,0.4843842685222626,1,2108953689
0,0,0.22833575308322906,0.43454214930534363,1,0.24391864240169525,0.4780322015285492,1,2108962022
0,0,0.29808345437049866,0.4117034077644348,1,0.2971213757991791,0.43905696272850037,1,2108970359
0,0,0.3418152928352356,0.36005300283432007,1,0.3423883020877838,0.38979455828666687,1,2108978692
0,0,0.35016942024230957,0.3726317882537842,1,0.34871673583984375,0.4132055640220642,1,2108987025
0,0,0.34353625774383545,0.3965347707271576,1,0.33768415451049805,0.35860326886177063,1,2108995359
0,0,0.35274744033813477,0.39004677534103394,1,0.3440428078174591,0.39915990829467773,1,2109003692
0,0,0.3530999422073364,0.3771415054798126,1,0.34533727169036865,0.3701329231262207,1,2109012025
0,0,0.3561170697212219,0.3801117241382599,1,0.34228578209877014,0.38956204056739807,1,2109020359
0,0,0.35387253761291504,0.3999493718147278,1,0.33743253350257874,0.4094814658164978,1,2109028692
0,0,0.35369279980659485,0.3838905990123749,1,0.3404191732406616,0.36023661494255066,1,2109037025
0,0,0.35574135184288025,0.3748999238014221,1,0.3421904146671295,0.406554639339447,1,2109045359
0,0,0.3537314832210541,0.3951948285102844,1,0.3491993844509125,0.3886462152004242,1,2109053692
0,0,0.35575443506240845,0.40991249680519104,1,0.3335815966129303,0.39548754692077637,1,2109062025
0,0,0.3528110682964325,0.3863663375377655,1,0.34219563007354736,0.39707115292549133,1,2109070359
0,0,0.3597211241722107,0.3970087170600891,1,0.33840465545654297,0.41599521040916443,1,2109078692
0,0,0.3541474938392639,0.3878999650478363,1,0.3354595899581909,0.31073880195617676,1,2109087025
0,0,0.35228633880615234,0.37751322984695435,1,0.3407492935657501,0.4081568419933319,1,2109095359
0,0,0.34719717502593994,0.3865240216255188,1,0.34587058424949646,0.3945344090461731,1,2109103696
0,0,0.3489227592945099,0.37270355224609375,1,0.34425920248031616,0.4030652344226837,1,2109112029
0,0,0.3521266579627991,0.3836285471916199,1,0.34237536787986755,0.37699201703071594,1,2109120363
0,0,0.3484591841697693,0.3575342297554016,1,0.34394973516464233,0.4084932208061218,1,2109128696
0,0,0.3532615602016449,0.3863678276538849,1,0.3397396504878998,0.3959265649318695,1,2109137029
0,0,0.3549729883670807,0.3837713897228241,1,0.34489908814430237,0.4024733603000641,1,2109145363
0,0,0.35691797733306885,0.37621772289276123,1,0.3439265787601471,0.4081454873085022,1,2109153696
0,0,0.3551366627216339,0.39168885350227356,1,0.3405320644378662,0.38570716977119446,1,2109162029
0,0,0.34846895933151245,0.3806297481060028,1,0.33617064356803894,0.40886497497558594,1,2109170363
0,0,0.3508859872817993,0.3779419958591461,1,0.34404730796813965,0.4187503457069397,1,2109178696
0,0,0.3567122220993042,0.3874180316925049,1,0.34227505326271057,0.41026321053504944,1,2109187029
0,0,0.3564922511577606,0.39057865738868713,1,0.34811192750930786,0.38271981477737427,1,2109195363
0,0,0.349608451128006,0.39127641916275024,1,0.34691688418388367,0.39071977138519287,1,2109203696
0,0,0.3543820083141327,0.38428807258605957,1,0.3444613814353943,0.4016927480697632,1,2109212029
0,0,0.35500290989875793,0.3925386667251587,1,0.3437664806842804,0.4073498845100403,1,2109220363
0,0,0.3514477610588074,0.38062775135040283,1,0.3462219834327698,0.40854647755622864,1,2109228696
0,0,0.35113048553466797,0.39023154973983765,1,0.34700435400009155,0.39700257778167725,1,2109237032
0,0,0.35629016160964966,0.3791428208351135,1,0.3417472243309021,0.400107741355896,1,2109245366
0,0,0.35527247190475464,0.3889000117778778,1,0.34295356273651123,0.36958616971969604,1,2109253699
0,0,0.3551066219806671,0.3861806094646454,1,0.33962684869766235,0.35737481713294983,1,2109262032
0,0,0.3505241572856903,0.3810812830924988,1,0.3400978446006775,0.4146502614021301,1,2109270366
0,0,0.3550788462162018,0.4043319523334503,1,0.345962792634964,0.40301889181137085,1,2109278699
0,0,0.35308682918548584,0.37816816568374634,1,0.3447343409061432,0.41446879506111145,1,2109287032
0,0,0.3510757088661194,0.39420315623283386,1,0.3443344533443451,0.4120919108390808,1,2109295366
0,0,0.34534454345703125,0.3767946660518646,1,nan,nan,0,2109303699
0,0,0.35332778096199036,0.3792114555835724,1,0.3440709114074707,0.4175100028514862,1,2109312032
0,0,0.3512354791164398,0.3968539237976074,1,0.3453814685344696,0.41827303171157837,1,2109320366
0,0,0.34900155663490295,0.3931731879711151,1,0.34076598286628723,0.4183841645717621,1,2109328699
0,0,0.35053497552871704,0.3976566791534424,1,0.337846577167511,0.37681668996810913,1,2109337032
0,0,0.3534114956855774,0.38702526688575745,1,0.3388030529022217,0.3015442490577698,1,2109345366
0,0,0.3531956970691681,0.38660740852355957,1,0.3462601900100708,0.399544894695282,1,2109353699
0,0,0.3483025133609772,0.3777850866317749,1,0.3400101065635681,0.4031936824321747,1,2109362033
0,0,0.35473841428756714,0.3891427516937256,1,0.338911771774292,0.4051639139652252,1,2109370367
0,0,0.35445183515548706,0.3906361758708954,1,0.34122613072395325,0.4104782044887543,1,2109378700
0,0,0.35738980770111084,0.4021749496459961,1,0.3461639881134033,0.41929328441619873,1,2109387033
0,0,0.35428228974342346,0.3975943326950073,1,0.3436206877231598,0.4072497487068176,1,2109395366
0,0,0.34901633858680725,0.38201430439949036,1,0.3378112316131592,0.39072901010513306,1,2109403700
0,0,0.3488155007362366,0.38736727833747864,1,0.33685559034347534,0.38574180006980896,1,2109412033
0,0,0.3470776677131653,0.38617995381355286,1,0.3466883897781372,0.35435348749160767,1,2109420367
0,0,0.34677714109420776,0.38969290256500244,1,0.3431030809879303,0.40938591957092285,1,2109428700
0,0,0.3521721065044403,0.3928799629211426,1,0.34711983799934387,0.39805835485458374,1,2109437033
0,0,0.35000619292259216,0.3918202519416809,1,0.3376266360282898,0.3084215223789215,1,2109445366
0,0,0.3515763282775879,0.3919047713279724,1,0.33751070499420166,0.4029954969882965,1,2109453700
0,0,0.34777092933654785,0.38650041818618774,1,0.34030529856681824,0.36372676491737366,1,2109462033
0,0,0.3561252951622009,0.3886773884296417,1,0.34349220991134644,0.4212021827697754,1,2109470366
0,0,0.34508946537971497,0.3953215479850769,1,0.3407558798789978,0.40502241253852844,1,2109478700
0,0,0.3478705585002899,0.37790319323539734,1,0.3372797966003418,0.3691743314266205,1,2109487033
0,0,0.3446924090385437,0.3804776668548584,1,0.33488717675209045,0.41293883323669434,1,2109495372
0,0,0.34946176409721375,0.3819347321987152,1,0.3426554501056671,0.4008270502090454,1,2109503706
0,0,0.34088191390037537,0.3708842098712921,1,0.33938130736351013,0.4137728810310364,1,2109512039
0,0,0.34654468297958374,0.36884570121765137,1,0.34671521186828613,0.39818230271339417,1,2109520372
0,0,0.3515503406524658,0.3954155147075653,1,0.3438146710395813,0.40072691440582275,1,2109528706
0,0,0.3508773148059845,0.3943065106868744,1,0.34608951210975647,0.4019409716129303,1,2109537039
0,0,0.35211890935897827,0.38010385632514954,1,0.3426743149757385,0.4033367335796356,1,2109545372
0,0,0.349226713180542,0.398002564907074,1,0.3418347239494324,0.4043801724910736,1,2109553706
0,0,0.3418691158294678,0.3807651400566101,1,nan,nan,0,2109562039
0,0,0.3506854176521301,0.37462180852890015,1,0.34703025221824646,0.40676450729370117,1,2109570372
0,0,0.34806138277053833,0.38778552412986755,1,0.34420332312583923,0.34331488609313965,1,2109578697
0,0,0.34021830558776855,0.36257851123809814,1,0.3431057631969452,0.26992902159690857,1,2109587039
0,0,0.3215513229370117,0.23302969336509705,1,0.34083008766174316,0.2092306762933731,1,2109595372
0,0,0.313968300819397,0.18738920986652374,1,0.3231246769428253,0.18703103065490723,1,2109603697
0,0,0.29921478033065796,0.18090808391571045,1,0.31033411622047424,0.18655355274677277,1,2109612039
0,0,0.30491888523101807,0.18053053319454193,1,0.3016067147254944,0.18237222731113434,1,2109620372
0,0,0.3057243525981903,0.18846352398395538,1,0.30476197600364685,0.19148334860801697,1,2109628706
0,0,0.30472609400749207,0.18909621238708496,1,0.30560949444770813,0.18274976313114166,1,2109637039
0,0,0.3058770000934601,0.17589712142944336,1,0.30152955651283264,0.19007298350334167,1,2109645372
0,0,0.3000902235507965,0.18947428464889526,1,0.30618834495544434,0.1758386790752411,1,2109653706
0,0,0.30200862884521484,0.19212394952774048,1,0.3054830729961395,0.1921861320734024,1,2109662039
0,0,0.29849302768707275,0.18070518970489502,1,0.29871439933776855,0.18741163611412048,1,2109670372
0,0,0.3054322600364685,0.19581541419029236,1,0.30119290947914124,0.17254751920700073,1,2109678706
0,0,0.3070114850997925,0.1878317892551422,1,0.3011156916618347,0.18284206092357635,1,2109687039
0,0,0.30421221256256104,0.1896844208240509,1,0.3056410849094391,0.18570436537265778,1,2109695372
0,0,0.30360788106918335,0.18295517563819885,1,0.30459779500961304,0.1883508414030075,1,2109703706
0,0,0.30624479055404663,0.19647592306137085,1,0.2983805239200592,0.17896221578121185,1,2109712039
0,0,0.300695538520813,0.1856408566236496,1,0.29717662930488586,0.18369075655937195,1,2109720372
0,0,0.3048444390296936,0.20063619315624237,1,0.29887276887893677,0.18859383463859558,1,2109728706
0,0,0.3045412302017212,0.18238334357738495,1,0.3088342547416687,0.18282991647720337,1,2109737039
0,0,0.30449870228767395,0.19089621305465698,1,0.3001926839351654,0.1919337511062622,1,2109745372
0,0,0.3070911169052124,0.18383827805519104,1,0.3039471209049225,0.1815817505121231,1,2109753706
0,0,0.3047531843185425,0.18513087928295135,1,0.30478888750076294,0.17273485660552979,1,2109762043
0,0,0.3050622045993805,0.19032207131385803,1,0.2992636561393738,0.17725808918476105,1,2109770376
0,0,0.3034361004829407,0.1881246119737625,1,0.2980380058288574,0.1649622619152069,1,2109778710
0,0,0.3057667911052704,0.17769759893417358,1,0.305377334356308,0.18470998108386993,1,2109787043
0,0,0.3066808879375458,0.19059965014457703,1,0.3007636070251465,0.17105060815811157,1,2109795376
0,0,0.30667397379875183,0.19504179060459137,1,0.29876139760017395,0.18191641569137573,1,2109803710
0,0,0.3046315908432007,0.19218063354492188,1,0.3013608157634735,0.1786358803510666,1,2109812043
0,0,0.3050961494445801,0.1742159128189087,1,0.3034338653087616,0.17930567264556885,1,2109820376
0,0,0.30417555570602417,0.1869731992483139,1,0.30386507511138916,0.1753583401441574,1,2109828710
0,0,0.304319828748703,0.18604953587055206,1,0.29880234599113464,0.1850818693637848,1,2109837043
0,0,0.3016347289085388,0.1754913628101349,1,0.30471405386924744,0.17904020845890045,1,2109845376
0,0,0.30516317486763,0.1872682124376297,1,0.30347689986228943,0.18719735741615295,1,2109853710
0,0,0.30527815222740173,0.1901114583015442,1,0.2993026673793793,0.18489998579025269,1,2109862043
0,0,0.3051954507827759,0.1868307888507843,1,0.3040355443954468,0.18756838142871857,1,2109870376
